,0
0,0.000118009746
1,-0.0012380593
2,-0.002382245
3,-0.00044638664
4,0.004335926
5,0.010187371
6,0.009867771
7,0.0037799291
8,-0.0029774364
9,-0.023309607
10,-0.03139905
11,-0.0132200755
12,-0.0011834241
13,0.0012085121
14,-0.0020966828
15,-0.007579822
16,-0.018598925
17,-0.033546604
18,-0.04456405
19,-0.04705343
20,-0.034006644
21,-0.01526713
22,-0.0061102323
23,-0.002750013
24,-0.001669554
25,-0.0036055073
26,-0.0065215044
27,-0.008445971
28,-0.008405184
29,-0.008530453
30,-0.00857218
31,-0.0076914914
32,-0.0054150634
33,-0.0031818077
34,-0.00092608854
35,0.0018450916
36,0.0026394837
37,0.0011611655
38,-0.000937229
39,-0.0020129234
40,-0.0047451947
41,-0.006004812
42,-0.003841918
43,-0.004876109
44,-0.005942179
45,-0.0057234634
46,-0.0052454006
47,-0.001173472
48,0.0067704506
49,0.015982363
50,0.015982363
51,0.015982363
52,0.015843585
53,0.013857296
54,0.01518681
55,0.012023725
56,0.0035271272
57,-0.0017663166
58,-0.002650831
59,-0.0023973547
60,0.00069921836
61,0.0034361035
62,0.005161235
63,0.0018743314
64,-0.0029146187
65,-0.006648222
66,-0.0068212487
67,-0.0046920665
68,-0.004134834
69,-0.006278429
70,-0.010173153
71,-0.013077833
72,-0.014377419
73,-0.013583727
74,-0.013801698
75,-0.015283138
76,-0.0212016
77,-0.027882207
78,-0.02397538
79,-0.02656712
80,-0.042543147
81,-0.053151723
82,-0.05669265
83,-0.0539246
84,-0.048768383
85,-0.04746097
86,-0.046439063
87,-0.04426833
88,-0.03923471
89,-0.038301934
90,-0.043706205
91,-0.050844412
92,-0.04728966
93,-0.041015934
94,-0.03718686
95,-0.037308265
96,-0.0411097
97,-0.04444274
98,-0.04397252
99,-0.043770093
100,-0.041830745
101,-0.03846496
102,-0.032808006
103,-0.032807995
104,-0.032807987
105,-0.03280798
106,-0.03280798
107,-0.032807987
108,-0.032807987
109,-0.032807965
110,-0.03280795
111,-0.03280798
112,-0.032807995
113,-0.032808006
114,-0.03280798
115,-0.024639118
116,-0.023527037
117,-0.02265719
118,-0.01913644
119,-0.015742622
120,-0.016588688
121,-0.01754314
122,-0.015293982
123,-0.012344517
124,-0.011841251
125,-0.0121742375
126,-0.015082914
127,-0.020718556
128,-0.031804558
129,-0.03251369
130,-0.020545948
131,-0.012262348
132,-0.009530101
133,-0.009024911
134,-0.010089852
135,-0.0155398175
136,-0.025032911
137,-0.032807846
138,-0.034626674
139,-0.035446856
140,-0.032807883
141,-0.017520998
142,-0.0087385215
143,-0.008622263
144,-0.013359413
145,-0.019244079
146,-0.027979624
147,-0.032796774
148,-0.03279369
149,-0.032791093
150,-0.03279682
151,-0.03280178
152,-0.032803662
153,-0.032802623
154,-0.032798033
155,-0.025245328
156,-0.0203888
157,-0.021183182
158,-0.026272152
159,-0.032735433
160,-0.032754038
161,-0.032775242
162,-0.032790165
163,-0.032800067
164,-0.03280515
165,-0.031415313
166,-0.02917175
167,-0.027091976
168,-0.024528924
169,-0.026222635
170,-0.032807995
171,-0.037023533
172,-0.03850324
173,-0.032808013
174,-0.01736293
175,-0.012706831
176,-0.015956182
177,-0.017692592
178,-0.014568977
179,-0.01380324
180,-0.015842542
181,-0.014442947
182,-0.011465596
183,-0.015175719
184,-0.017462235
185,-0.008587472
186,-0.0029604472
187,-0.0010106172
188,-0.0030220188
189,-0.00232945
190,-0.0003018286
191,0.00027835928
192,-0.0014018901
193,-0.0038381591
194,-0.007644389
195,-0.012607336
196,-0.011430904
197,-0.007164445
198,-0.0045184456
199,-0.0060764346
200,-0.006802678
201,-0.0037321262
202,0.00076765567
203,0.0021846183
204,-0.00046292692
205,-0.005331563
206,-0.008598914
207,-0.013436813
208,-0.013969868
209,-0.008474721
210,-0.005850274
211,-0.0059504434
212,-0.00852729
213,-0.015397165
214,-0.01841595
215,-0.019492794
216,-0.020059366
217,-0.017861996
218,-0.009980939
219,-0.0070496947
220,-0.004255768
221,-0.0032896008
222,-0.0024054796
223,-0.0020083562
224,-0.0033470243
225,-0.0025477223
226,-0.0016216636
227,-0.0014317613
228,-0.00273899
229,-0.0025837347
230,-0.0014560446
231,-0.0008937735
232,-0.0012264792
233,-0.0021883436
234,-0.0030621123
235,-0.0041180924
236,-0.0037756674
237,-0.0024921354
238,-0.0035272744
239,-0.0060994364
240,-0.010322239
241,-0.017640185
242,-0.023238711
243,-0.034799527
244,-0.037454974
245,-0.031222038
246,-0.024152283
247,-0.021626085
248,-0.024993833
249,-0.03470434
250,-0.04320946
251,-0.0501164
252,-0.07336399
253,-0.079716265
254,-0.08178407
255,-0.08145617
256,-0.07278928
257,-0.04177739
258,-0.024212662
259,-0.017652955
260,-0.014768887
261,-0.012843203
262,-0.01627874
263,-0.023249421
264,-0.036120284
265,-0.03589226
266,-0.021856923
267,-0.010969434
268,-0.006069297
269,-0.0013560355
270,0.0008567255
271,-0.0016643368
272,-0.0068449844
273,-0.012341082
274,-0.018082935
275,-0.010904584
276,-0.0046727955
277,-0.004320888
278,-0.0075974464
279,-0.011360176
280,-0.014122702
281,-0.0067323465
282,-0.00066271797
283,0.0011202488
284,0.0020651668
285,0.007509345
286,0.0105004255
287,0.007535182
288,0.0018746965
289,-0.002026733
290,-0.0060261935
291,-0.008565044
292,-0.008708611
293,-0.0069499686
294,-0.0047112554
295,-0.0041101463
296,-0.004365269
297,-0.0045447834
298,-0.0051717907
299,-0.009788513
300,-0.03527164
301,-0.047326993
302,-0.032708984
303,-0.010732178
304,-0.0076269284
305,-0.009858202
306,-0.011696588
307,-0.014569145
308,-0.017459571
309,-0.016836215
310,-0.009383649
311,-0.0059816726
312,-0.004732635
313,-0.0019329824
314,0.0025952756
315,0.012515418
316,0.01864675
317,0.030148197
318,0.033894047
319,0.017033154
320,0.0029868353
321,-0.002259262
322,-0.0015056636
323,0.0054223277
324,0.015646012
325,0.016278373
326,0.016791165
327,0.0373526
328,0.058091473
329,0.0632903
330,0.056785483
331,0.043051206
332,0.016004812
333,0.004148188
334,-0.00013484806
335,0.0008192379
336,0.008131692
337,0.01698426
338,0.035508875
339,0.053470086
340,0.0718265
341,0.09183103
342,0.10209519
343,0.106003374
344,0.10434148
345,0.104315415
346,0.10522017
347,0.10736093
348,0.104782686
349,0.10115942
350,0.10027422
351,0.10063429
352,0.09968397
353,0.102875024
354,0.111078635
355,0.11711256
356,0.11597295
357,0.10753231
358,0.10226698
359,0.10672708
360,0.12047574
361,0.15115967
362,0.19993086
363,0.22849822
364,0.24136053
365,0.22633387
366,0.21459652
367,0.22467656
368,0.26022258
369,0.3018875
370,0.32399073
371,0.33676058
372,0.34352615
373,0.33998406
374,0.32270932
375,0.30974698
376,0.31988755
377,0.33656633
378,0.33925498
379,0.33896342
380,0.33347452
381,0.31765202
382,0.3147724
383,0.32076052
384,0.32222733
385,0.32251027
386,0.32342204
387,0.32342204
388,0.32342204
389,0.32342204
390,0.32342204
391,0.3175883
392,0.3154042
393,0.32342204
394,0.32342204
395,0.32342204
396,0.32342204
397,0.33265045
398,0.34631953
399,0.35162428
400,0.3416148
401,0.2984971
402,0.28899345
403,0.30239832
404,0.3234098
405,0.32341078
406,0.32340312
407,0.3164615
408,0.27844757
409,0.2554868
410,0.2616055
411,0.27931133
412,0.28242907
413,0.28879097
414,0.28652427
415,0.28333524
416,0.28581974
417,0.28739604
418,0.28554595
419,0.26726696
420,0.24317773
421,0.20670512
422,0.20213106
423,0.20213103
424,0.20213096
425,0.20212983
426,0.20206283
427,0.20074348
428,0.195664
429,0.18505464
430,0.15952413
431,0.1702423
432,0.18295798
433,0.17810455
434,0.15777862
435,0.12733603
436,0.11179249
437,0.1084484
438,0.11242826
439,0.121629044
440,0.13746956
441,0.1500234
442,0.14859924
443,0.13347262
444,0.11631818
445,0.10539983
446,0.10011111
447,0.101843715
448,0.11248779
449,0.12639897
450,0.13927674
451,0.12613206
452,0.10981035
453,0.09522344
454,0.083795905
455,0.07917917
456,0.093532205
457,0.112504914
458,0.1360978
459,0.14979295
460,0.14953299
461,0.12231611
462,0.10463363
463,0.09122291
464,0.07235183
465,0.060269427
466,0.0720677
467,0.092036515
468,0.114372075
469,0.13082111
470,0.121605456
471,0.10345349
472,0.07960535
473,0.043958526
474,0.020596135
475,0.042267453
476,0.095741004
477,0.18225022
478,0.23768312
479,0.27489737
480,0.28420213
481,0.24722463
482,0.20432065
483,0.12869364
484,0.088128194
485,0.04630024
486,0.01771757
487,0.017126352
488,0.028121024
489,0.05430904
490,0.06433794
491,0.05854694
492,0.0324063
493,0.016022861
494,0.015982363
495,0.015982363
496,0.015909495
497,0.011486657
498,0.015726818
499,0.015982363
500,0.015982363
501,0.015982363
502,0.027269816
503,0.056535263
504,0.06680252
505,0.052836705
506,0.030715117
507,0.017727546
508,0.022750037
509,0.050791427
510,0.07590756
511,0.09293969
512,0.097782075
513,0.09629995
514,0.09398691
515,0.08811867
516,0.08228499
517,0.0795324
518,0.08639683
519,0.10000764
520,0.123407975
521,0.16269493
522,0.19778496
523,0.20212255
524,0.20212992
525,0.20213084
526,0.20213102
527,0.20213106
528,0.20213108
529,0.22148766
530,0.24183859
531,0.2269877
532,0.20726411
533,0.20213108
534,0.20213108
535,0.20213108
536,0.20213108
537,0.20213108
538,0.20213108
539,0.18078715
540,0.1317697
541,0.117246136
542,0.119318664
543,0.15010981
544,0.20733923
545,0.25859866
546,0.28987145
547,0.29418227
548,0.28308275
549,0.25613704
550,0.24277265
551,0.23092642
552,0.2154192
553,0.2222048
554,0.24657838
555,0.2792684
556,0.3013275
557,0.32341966
558,0.33206987
559,0.33407077
560,0.3115246
561,0.2807024
562,0.265467
563,0.26130348
564,0.27788755
565,0.3577979
566,0.38919652
567,0.41023752
568,0.41214058
569,0.3654045
570,0.32990557
571,0.3148483
572,0.3219207
573,0.32342204
574,0.35094002
575,0.3478724
576,0.3514864
577,0.3813199
578,0.36386687
579,0.34360132
580,0.36139444
581,0.35909754
582,0.34513268
583,0.3408767
584,0.3190271
585,0.29575786
586,0.3338243
587,0.36081603
588,0.36088935
589,0.34678653
590,0.31982914
591,0.27689686
592,0.2453155
593,0.24185325
594,0.2595712
595,0.28712007
596,0.2827908
597,0.2569973
598,0.23010918
599,0.19796695
600,0.1315781
601,0.108731896
602,0.112332776
603,0.11291218
604,0.104368016
605,0.10319546
606,0.102769464
607,0.10259977
608,0.09268637
609,0.077258155
610,0.06288775
611,0.053550486
612,0.0460694
613,0.036323298
614,0.02019005
615,0.016280007
616,0.015982363
617,0.014209985
618,0.009027883
619,0.0036566723
620,0.0007114783
621,-0.0010560919
622,-0.0031202063
623,-0.004118759
624,-0.0035973918
625,-0.0018499792
626,0.00031947717
627,0.0022112634
628,0.004920748
629,0.004469258
630,-0.00013037771
631,-0.0067378134
632,-0.0151162855
633,-0.029889762
634,-0.02681394
635,-0.010365266
636,-0.0034713969
637,0.0022649448
638,0.00857993
639,0.009693613
640,0.006582507
641,-0.00020315498
642,-0.00837886
643,-0.02315979
644,-0.043038756
645,-0.032882597
646,-0.015037086
647,-0.008211518
648,0.015231371
649,0.041874252
650,0.05110663
651,0.03773756
652,0.01752039
653,0.013682592
654,0.007424636
655,0.0062208315
656,0.008194147
657,0.005500894
658,0.00050690584
659,-0.0042405576
660,-0.010780524
661,-0.022508092
662,-0.0473476
663,-0.07777108
664,-0.07804336
665,-0.069447994
666,-0.018232662
667,0.0011550523
668,0.015982363
669,0.015982363
670,0.015982363
671,0.0077686068
672,-0.0081878565
673,-0.041129537
674,-0.0775654
675,-0.07555017
676,-0.025252823
677,-0.003780678
678,0.008995718
679,0.012510475
680,0.011121131
681,0.0024709776
682,-0.0061116256
683,-0.0144751705
684,-0.016863931
685,-0.0074616056
686,0.004400096
687,0.015982363
688,0.015982363
689,0.015982363
690,0.015982363
691,0.008290262
692,-0.0026326738
693,-0.008741356
694,-0.010806531
695,-0.007602947
696,-0.00092986785
697,0.0040479098
698,0.0071524484
699,0.008065863
700,0.007327351
701,0.0021270476
702,-0.0023443252
703,-0.0047327504
704,-0.007288974
705,-0.007869609
706,-0.0059555434
707,-0.0030034669
708,-0.0029698908
709,-0.005717419
710,-0.007602563
711,-0.0090347305
712,-0.01213824
713,-0.013359591
714,-0.011925623
715,-0.011228081
716,-0.014417782
717,-0.022549216
718,-0.03755947
719,-0.046841662
720,-0.053258207
721,-0.06271051
722,-0.09182559
723,-0.11143711
724,-0.12094033
725,-0.13782223
726,-0.1888297
727,-0.20675133
728,-0.21713337
729,-0.22992636
730,-0.25722617
731,-0.29192314
732,-0.30958214
733,-0.28693104
734,-0.25841624
735,-0.25047258
736,-0.25340688
737,-0.24214216
738,-0.24199559
739,-0.24199556
740,-0.24293707
741,-0.25449392
742,-0.28151998
743,-0.3041977
744,-0.29568395
745,-0.285544
746,-0.2710219
747,-0.2648157
748,-0.2734504
749,-0.32111222
750,-0.32003567
751,-0.24200834
752,-0.24199955
753,-0.24199621
754,-0.24199556
755,-0.24199532
756,-0.24469863
757,-0.24921744
758,-0.24199302
759,-0.24198996
760,-0.25929552
761,-0.26824823
762,-0.24647106
763,-0.2419997
764,-0.24201427
765,-0.24203975
766,-0.2420883
767,-0.24209987
768,-0.2420408
769,-0.24200638
770,-0.24199791
771,-0.2419957
772,-0.24199449
773,-0.24199189
774,-0.24083136
775,-0.1176745
776,-0.07942857
777,-0.07814634
778,-0.07814635
779,-0.07814641
780,-0.07814647
781,-0.0781465
782,-0.0781465
783,-0.07814652
784,-0.078146204
785,-0.07809146
786,-0.07730897
787,-0.07579844
788,-0.07514715
789,-0.076086685
790,-0.08525528
791,-0.090351656
792,-0.080171645
793,-0.06547873
794,-0.042460904
795,-0.035727493
796,-0.028832916
797,-0.025161427
798,-0.024434078
799,-0.031516466
800,-0.032808006
801,-0.039551266
802,-0.039216507
803,-0.032808013
804,-0.032808013
805,-0.032808013
806,-0.032808013
807,-0.040414374
808,-0.049960684
809,-0.06163368
810,-0.06129304
811,-0.053738687
812,-0.05214059
813,-0.05956086
814,-0.06721486
815,-0.0690054
816,-0.058263924
817,-0.03909433
818,-0.032807995
819,-0.032807995
820,-0.032807995
821,-0.032807995
822,-0.032808006
823,-0.032807995
824,-0.032807987
825,-0.032807987
826,-0.033358667
827,-0.03451297
828,-0.036910307
829,-0.038732428
830,-0.0328078
831,-0.032807607
832,-0.032807298
833,-0.025879491
834,-0.031386502
835,-0.032807685
836,-0.032807823
837,-0.032807946
838,-0.03280791
839,-0.0328078
840,-0.032807704
841,-0.03280726
842,-0.024804287
843,-0.019339968
844,-0.012844738
845,-0.00719505
846,-0.0029622857
847,-0.0015407391
848,-0.004398592
849,-0.0109524
850,-0.030794632
851,-0.040856447
852,-0.040738583
853,-0.03280798
854,-0.01908167
855,-0.008405197
856,-0.0059796236
857,-0.00636217
858,-0.008650534
859,-0.018428084
860,-0.036865633
861,-0.041990723
862,-0.04356495
863,-0.04232055
864,-0.040336818
865,-0.041041065
866,-0.04381341
867,-0.043005038
868,-0.035518266
869,-0.019617766
870,-0.014600214
871,-0.017671127
872,-0.03908309
873,-0.07514927
874,-0.07929087
875,-0.08521308
876,-0.07964656
877,-0.078142986
878,-0.078135
879,-0.0780969
880,-0.0778546
881,-0.07670982
882,-0.07360956
883,-0.063408285
884,-0.047057334
885,-0.053028326
886,-0.07226135
887,-0.07733752
888,-0.078036174
889,-0.07786599
890,-0.0563651
891,-0.008493375
892,-0.004672412
893,-0.010569297
894,-0.03503377
895,-0.04165932
896,-0.038062304
897,-0.032807484
898,-0.030991644
899,-0.017793026
900,-0.017012872
901,-0.0204008
902,-0.025298875
903,-0.032807272
904,-0.032807533
905,-0.032807644
906,-0.03280766
907,-0.032807514
908,-0.032806724
909,-0.014108017
910,-0.0011926107
911,0.01458011
912,0.017467765
913,0.0208413
914,0.02742431
915,0.026573148
916,0.024274806
917,0.028004317
918,0.034633458
919,0.032951802
920,0.04328734
921,0.060011785
922,0.07168016
923,0.076737426
924,0.06778349
925,0.054757256
926,0.051780652
927,0.05478044
928,0.074921876
929,0.10394943
930,0.117976874
931,0.115452826
932,0.120479465
933,0.15768398
934,0.23317567
935,0.28935868
936,0.3590345
937,0.43536675
938,0.5006719
939,0.52385354
940,0.5412157
941,0.5524682
942,0.5642605
943,0.57962084
944,0.613093
945,0.6680581
946,0.70346135
947,0.7122729
948,0.6839899
949,0.66804034
950,0.6694145
951,0.6577743
952,0.65831965
953,0.66307133
954,0.6603823
955,0.6490397
956,0.6489013
957,0.6284035
958,0.57887375
959,0.52102005
960,0.5029171
961,0.47491658
962,0.42787206
963,0.39903706
964,0.40521058
965,0.42440635
966,0.4368996
967,0.41108823
968,0.36644796
969,0.3444406
970,0.32665813
971,0.30731025
972,0.28706282
973,0.25834015
974,0.2518609
975,0.2710204
976,0.2808647
977,0.2868312
978,0.2699327
979,0.2455636
980,0.23339486
981,0.21979883
982,0.20160568
983,0.20183459
984,0.2020266
985,0.20211269
986,0.20212825
987,0.18841223
988,0.14390771
989,0.11340827
990,0.09944396
991,0.08802076
992,0.07057394
993,0.05367441
994,0.050873075
995,0.053523727
996,0.053227026
997,0.055822503
998,0.062554106
999,0.062336277
1000,0.0571543
1001,0.04250029
1002,0.016646082
1003,0.009838775
1004,0.0016588084
1005,0.0013758522
1006,0.0053303186
1007,0.011108027
1008,0.0130718155
1009,0.015723323
1010,0.0121266255
1011,0.0021772347
1012,-0.0023472663
1013,-0.0039308257
1014,-0.0032884497
1015,-0.0017198529
1016,0.0006354712
1017,0.0009939354
1018,-0.00053881854
1019,-0.0010995455
1020,-0.0018611513
1021,-0.004910443
1022,-0.008284206
1023,-0.015685108
1024,-0.019975863
1025,-0.02361792
1026,-0.025466207
1027,-0.042120356
1028,-0.07014227
1029,-0.072055385
1030,-0.063361645
1031,-0.019929133
1032,-0.0133995
1033,-0.018679682
1034,-0.02010316
1035,-0.015200425
1036,-0.010579519
1037,-0.008416589
1038,-0.0074933674
1039,-0.007916065
1040,-0.009717498
1041,-0.0101572
1042,-0.009621277
1043,-0.014828596
1044,-0.022708517
1045,-0.029446054
1046,-0.020156223
1047,-0.015382376
1048,-0.011774419
1049,-0.010855243
1050,-0.013688732
1051,-0.018432532
1052,-0.037132237
1053,-0.06219345
1054,-0.06317888
1055,-0.046282474
1056,-0.038060065
1057,-0.029535871
1058,-0.021585885
1059,-0.019655418
1060,-0.017277267
1061,-0.036776423
1062,-0.051533874
1063,-0.06545165
1064,-0.0641789
1065,-0.0634166
1066,-0.06546228
1067,-0.06566244
1068,-0.066700324
1069,-0.060393285
1070,-0.05281822
1071,-0.059413474
1072,-0.06474553
1073,-0.05635981
1074,-0.06845966
1075,-0.09186742
1076,-0.09458198
1077,-0.07863094
1078,-0.06992589
1079,-0.08244866
1080,-0.09472424
1081,-0.09532532
1082,-0.097691566
1083,-0.115699574
1084,-0.14438719
1085,-0.19966438
1086,-0.18986677
1087,-0.18447118
1088,-0.19545096
1089,-0.20049855
1090,-0.20894915
1091,-0.22022179
1092,-0.23442252
1093,-0.24052046
1094,-0.24096315
1095,-0.24110706
1096,-0.24081932
1097,-0.24007933
1098,-0.23204874
1099,-0.21983549
1100,-0.2263316
1101,-0.23483984
1102,-0.23919283
1103,-0.23969139
1104,-0.24066259
1105,-0.24195035
1106,-0.25147292
1107,-0.24943335
1108,-0.25775394
1109,-0.250506
1110,-0.24184011
1111,-0.24032839
1112,-0.22033283
1113,-0.1589535
1114,-0.117554665
1115,-0.11239833
1116,-0.11929713
1117,-0.1271553
1118,-0.1410925
1119,-0.15361358
1120,-0.118761
1121,-0.049645495
1122,-0.029286966
1123,-0.021232694
1124,-0.018144693
1125,-0.011659972
1126,-0.0069424063
1127,-0.001775153
1128,0.005175665
1129,0.01803832
1130,0.048605308
1131,0.06660951
1132,0.07402359
1133,0.07720904
1134,0.08645901
1135,0.10059334
1136,0.11266941
1137,0.13308707
1138,0.16922252
1139,0.20160773
1140,0.21421158
1141,0.21514674
1142,0.21303132
1143,0.21707325
1144,0.22558184
1145,0.23307507
1146,0.23645559
1147,0.25649336
1148,0.27681756
1149,0.29241943
1150,0.30795562
1151,0.3258011
1152,0.3472996
1153,0.3616891
1154,0.3645207
1155,0.36616266
1156,0.36618647
1157,0.3652914
1158,0.36443582
1159,0.36239228
1160,0.3608624
1161,0.36637944
1162,0.38325438
1163,0.39712515
1164,0.39927092
1165,0.3931542
1166,0.3901733
1167,0.38968667
1168,0.3961081
1169,0.3905271
1170,0.38801715
1171,0.38288486
1172,0.37306526
1173,0.35040638
1174,0.33200145
1175,0.31233343
1176,0.29258528
1177,0.27008086
1178,0.25471658
1179,0.25703478
1180,0.25232843
1181,0.24525814
1182,0.24170835
1183,0.23918016
1184,0.23910959
1185,0.22591342
1186,0.20886506
1187,0.20168272
1188,0.20124565
1189,0.20091783
1190,0.19603755
1191,0.18918023
1192,0.16762342
1193,0.13335775
1194,0.11514485
1195,0.1076078
1196,0.10283317
1197,0.095057935
1198,0.076696604
1199,0.052345775
1200,0.043398615
1201,0.040965926
1202,0.019422371
1203,0.0072461627
1204,0.0011254959
1205,0.0015769713
1206,0.005039733
1207,0.0063803513
1208,9.208918e-06
1209,-0.008774504
1210,-0.026117798
1211,-0.03889917
1212,-0.036399063
1213,-0.02835415
1214,-0.021291882
1215,-0.019108173
1216,-0.030410927
1217,-0.06740016
1218,-0.073712155
1219,-0.07221188
1220,-0.061000895
1221,-0.031307157
1222,-0.020662878
1223,-0.021923307
1224,-0.028694022
1225,-0.030315738
1226,-0.03698848
1227,-0.042917192
1228,-0.06337385
1229,-0.087239325
1230,-0.09814069
1231,-0.109622285
1232,-0.11936788
1233,-0.12217088
1234,-0.12710579
1235,-0.14318499
1236,-0.16271912
1237,-0.17329018
1238,-0.18743055
1239,-0.194057
1240,-0.19253935
1241,-0.17807184
1242,-0.14915246
1243,-0.15339845
1244,-0.1916156
1245,-0.22803316
1246,-0.24027525
1247,-0.24174388
1248,-0.24195467
1249,-0.24198775
1250,-0.24199052
1251,-0.2419938
1252,-0.24199645
1253,-0.2420096
1254,-0.2421364
1255,-0.24250866
1256,-0.24328168
1257,-0.24459524
1258,-0.2472005
1259,-0.25124815
1260,-0.25464532
1261,-0.25898418
1262,-0.26981443
1263,-0.27906987
1264,-0.2832022
1265,-0.2831492
1266,-0.28300476
1267,-0.28257912
1268,-0.28161564
1269,-0.28321064
1270,-0.29560027
1271,-0.30948552
1272,-0.31036827
1273,-0.3108403
1274,-0.30947167
1275,-0.3094309
1276,-0.30925646
1277,-0.30107382
1278,-0.29160145
1279,-0.29522905
1280,-0.28966272
1281,-0.27936378
1282,-0.28852758
1283,-0.29510668
1284,-0.30749092
1285,-0.29247257
1286,-0.27106366
1287,-0.2529844
1288,-0.24427347
1289,-0.24241607
1290,-0.24211471
1291,-0.24207832
1292,-0.26353276
1293,-0.25687292
1294,-0.24805157
1295,-0.24701937
1296,-0.24203415
1297,-0.24203525
1298,-0.24205081
1299,-0.24208002
1300,-0.24214895
1301,-0.24227722
1302,-0.24079363
1303,-0.22262777
1304,-0.19765987
1305,-0.17397526
1306,-0.14210641
1307,-0.12228422
1308,-0.11266339
1309,-0.11188954
1310,-0.1184257
1311,-0.13654344
1312,-0.16882655
1313,-0.17064165
1314,-0.11817372
1315,-0.09702957
1316,-0.09888178
1317,-0.11923225
1318,-0.16326603
1319,-0.19321595
1320,-0.21746889
1321,-0.2291025
1322,-0.22569422
1323,-0.2144072
1324,-0.2185245
1325,-0.23187636
1326,-0.23963879
1327,-0.24114393
1328,-0.24047421
1329,-0.2357278
1330,-0.23058021
1331,-0.23319446
1332,-0.24627908
1333,-0.24904217
1334,-0.24532409
1335,-0.24473803
1336,-0.24045311
1337,-0.17452747
1338,-0.13195144
1339,-0.12796645
1340,-0.12916502
1341,-0.13287507
1342,-0.12837765
1343,-0.12837672
1344,-0.15825294
1345,-0.19974649
1346,-0.2248045
1347,-0.23087679
1348,-0.17229857
1349,-0.1237454
1350,-0.11254877
1351,-0.11419043
1352,-0.14759316
1353,-0.2727647
1354,-0.31303886
1355,-0.3291018
1356,-0.37231123
1357,-0.4122124
1358,-0.43159863
1359,-0.44865674
1360,-0.46304676
1361,-0.4843003
1362,-0.48534682
1363,-0.49687007
1364,-0.5173514
1365,-0.5052268
1366,-0.48942307
1367,-0.47610036
1368,-0.4731143
1369,-0.4624007
1370,-0.45405263
1371,-0.45040467
1372,-0.43668464
1373,-0.41985908
1374,-0.42080444
1375,-0.45171556
1376,-0.4664717
1377,-0.4680225
1378,-0.46330923
1379,-0.46405545
1380,-0.43828288
1381,-0.3783592
1382,-0.34211794
1383,-0.32114515
1384,-0.30648986
1385,-0.31354004
1386,-0.33437604
1387,-0.33307293
1388,-0.31914288
1389,-0.2737685
1390,-0.24856265
1391,-0.24199565
1392,-0.24199523
1393,-0.24196951
1394,-0.24050875
1395,-0.20388529
1396,-0.11553903
1397,-0.083255395
1398,-0.07837483
1399,-0.07814498
1400,-0.07811467
1401,-0.07798016
1402,-0.077980936
1403,-0.0781336
1404,-0.0837587
1405,-0.097464696
1406,-0.10988289
1407,-0.121549755
1408,-0.13710666
1409,-0.13842438
1410,-0.123896345
1411,-0.08142641
1412,-0.07814644
1413,-0.07800804
1414,-0.07537338
1415,-0.07259381
1416,-0.071413994
1417,-0.07477382
1418,-0.07707381
1419,-0.077961236
1420,-0.07812026
1421,-0.07814281
1422,-0.07811773
1423,-0.055764478
1424,-0.010773001
1425,-0.0039990973
1426,0.0048245434
1427,0.0145655265
1428,0.015982363
1429,0.015982363
1430,0.015982363
1431,0.015982363
1432,0.015982363
1433,0.015982363
1434,0.015982363
1435,0.015982363
1436,0.015982363
1437,0.015982363
1438,0.015982363
1439,0.015982363
1440,0.015982363
1441,0.015982363
1442,0.015982363
1443,0.015982363
1444,0.015982363
1445,0.015982363
1446,0.015982363
1447,0.015982363
1448,0.015982363
1449,0.015982363
1450,0.015982363
1451,0.015982363
1452,0.015982363
1453,0.015982363
1454,0.015982363
1455,0.015982363
1456,0.015982363
1457,0.015982363
1458,0.015982363
1459,0.015982363
1460,0.015982363
1461,0.015982363
1462,0.015982363
1463,0.015982363
1464,0.015982363
1465,0.015982363
1466,0.015982363
1467,0.015982363
1468,0.015982363
1469,0.015982363
1470,0.015982363
1471,0.015982363
1472,0.015982363
1473,0.015982363
1474,0.015971804
1475,0.011646439
1476,0.009863343
1477,0.013695454
1478,0.015982363
1479,0.015406537
1480,0.011668373
1481,0.0054568313
1482,0.0018287562
1483,0.00018974766
1484,-0.00065500103
1485,0.003699921
1486,0.009188704
1487,0.0015542582
1488,-0.0035017282
1489,-0.0010407604
1490,0.007727837
1491,0.013644592
1492,0.014487092
1493,0.013690116
1494,0.01432929
1495,0.015982363
1496,0.015982363
1497,0.015982363
1498,0.015982363
1499,0.015982363
1500,0.015982363
1501,0.015982363
1502,0.015982363
1503,0.015982363
1504,0.015982363
1505,0.015982363
1506,0.015982363
1507,0.015982363
1508,0.012138628
1509,0.01240324
1510,0.015982363
1511,0.015982363
1512,0.015982363
1513,0.015982363
1514,0.015982363
1515,0.015982363
1516,0.015982363
1517,0.015982363
1518,0.015982363
1519,0.015982363
1520,0.015982363
1521,0.015982363
1522,0.015982363
1523,0.015982363
1524,0.015982363
1525,0.015982363
1526,0.015701782
1527,0.011889532
1528,0.008309027
1529,0.006329327
1530,0.0070597995
1531,0.010351001
1532,0.013628226
1533,0.015982363
1534,0.015982363
1535,0.015982363
1536,0.015982363
1537,0.015982363
1538,0.012959039
1539,0.0060637863
1540,7.1041286e-06
1541,-0.0040048696
1542,-0.0063505583
1543,-0.007732628
1544,-0.007431574
1545,-0.006059561
1546,-0.0024588332
1547,0.0043552704
1548,0.015071
1549,0.015982363
1550,0.015982363
1551,0.015982363
1552,0.015982363
1553,0.015982363
1554,0.014685888
1555,0.009503442
1556,0.0069544073
1557,0.005431365
1558,0.0017992482
1559,-0.0001206249
1560,-0.00084563904
1561,0.00060113147
1562,0.0023640282
1563,0.003999101
1564,0.00443488
1565,0.0033817012
1566,0.002071485
1567,3.1953678e-05
1568,-0.002337115
1569,-0.005824309
1570,-0.007092174
1571,-0.008318327
1572,-0.008641295
1573,-0.0119402595
1574,-0.018961195
1575,-0.02305016
1576,-0.018103357
1577,-0.008294735
1578,-0.0022583902
1579,0.0014471058
1580,0.00543435
1581,0.008272024
1582,0.0031615961
1583,-0.0023283698
1584,-0.007435005
1585,-0.013743136
1586,-0.022870902
1587,-0.037063655
1588,-0.03800047
1589,-0.024082657
1590,-0.013220761
1591,-0.0070835557
1592,-0.002167778
1593,0.0034767948
1594,0.010811037
1595,0.014861079
1596,0.016332436
1597,0.01499209
1598,0.006492542
1599,0.00043727458
1600,-0.0031115655
1601,-0.005034983
1602,-0.0056938436
1603,-0.0068155136
1604,-0.007148944
1605,-0.0058985595
1606,-0.0033248756
1607,-0.0022002645
1608,-0.0036674254
1609,-0.0076283514
1610,-0.018359963
1611,-0.0328078
1612,-0.03280796
1613,-0.03280798
1614,-0.032807987
1615,-0.032807995
1616,-0.032807987
1617,-0.02253186
1618,-0.009685196
1619,-0.0061742663
1620,-0.004320938
1621,-0.0030295756
1622,-0.0026958212
1623,-0.0056232363
1624,-0.017429225
1625,-0.032808006
1626,-0.032808013
1627,-0.032808013
1628,-0.032280415
1629,-0.010653511
1630,-0.00046887994
1631,0.013734851
1632,0.015982363
1633,0.015982363
1634,0.015982363
1635,0.015855534
1636,0.0037268568
1637,-0.0045992993
1638,-0.011582006
1639,-0.019054558
1640,-0.015986975
1641,-0.007081788
1642,0.00209135
1643,0.015955796
1644,0.016346818
1645,0.02165921
1646,0.017371835
1647,0.015982363
1648,0.008084264
1649,0.00039758906
1650,-0.0010422058
1651,0.0010785349
1652,0.0075169858
1653,0.015982363
1654,0.01778947
1655,0.049550787
1656,0.058922987
1657,0.046437155
1658,0.026034102
1659,0.016335448
1660,0.015982363
1661,0.015982363
1662,0.014618395
1663,0.0093126055
1664,0.006424468
1665,0.0072791614
1666,0.011853887
1667,0.015978228
1668,0.015982363
1669,0.015982363
1670,0.012131293
1671,0.0061291084
1672,0.0005668998
1673,-0.0036919918
1674,-0.0063473284
1675,-0.0079033
1676,-0.0076278523
1677,-0.0048505664
1678,0.0015872605
1679,0.012760134
1680,0.015982363
1681,0.015982363
1682,0.009884292
1683,0.0011794716
1684,-0.0034017824
1685,-0.004738167
1686,-0.002494026
1687,0.0047099767
1688,0.02049623
1689,0.052570265
1690,0.0594245
1691,0.05147991
1692,0.042936023
1693,0.017073473
1694,0.012133933
1695,0.011389803
1696,0.014402373
1697,0.030175341
1698,0.056872025
1699,0.07361919
1700,0.08260441
1701,0.08180292
1702,0.073630184
1703,0.068121865
1704,0.07920437
1705,0.09398082
1706,0.103825346
1707,0.10940221
1708,0.107320294
1709,0.10614304
1710,0.1109494
1711,0.11540568
1712,0.1226567
1713,0.13698015
1714,0.15821765
1715,0.15581577
1716,0.13994238
1717,0.12409574
1718,0.12089759
1719,0.12964177
1720,0.15174335
1721,0.1733152
1722,0.17557245
1723,0.16822697
1724,0.15549897
1725,0.14474493
1726,0.13056694
1727,0.1196246
1728,0.1209562
1729,0.13246045
1730,0.142025
1731,0.14072783
1732,0.14068446
1733,0.14587729
1734,0.15066327
1735,0.15057035
1736,0.15313469
1737,0.15342914
1738,0.13962446
1739,0.12535429
1740,0.12294996
1741,0.121453196
1742,0.12340443
1743,0.1274245
1744,0.13176206
1745,0.12708496
1746,0.11571224
1747,0.108046755
1748,0.0939313
1749,0.07499757
1750,0.056749765
1751,0.048499174
1752,0.05036763
1753,0.056229964
1754,0.06164403
1755,0.0660499
1756,0.065250374
1757,0.06124208
1758,0.04478661
1759,0.016554127
1760,0.014446572
1761,0.008672534
1762,0.0075488947
1763,0.008128071
1764,0.00680504
1765,0.0032029096
1766,0.00048802048
1767,-0.00096388534
1768,-0.002667766
1769,-0.0057833176
1770,-0.008710418
1771,-0.012177713
1772,-0.011982847
1773,-0.012292501
1774,-0.019188534
1775,-0.034934927
1776,-0.039133422
1777,-0.04589423
1778,-0.092736304
1779,-0.11766936
1780,-0.13295083
1781,-0.114386305
1782,-0.082456246
1783,-0.06267017
1784,-0.070945546
1785,-0.084537104
1786,-0.10328798
1787,-0.13706398
1788,-0.18948022
1789,-0.21734191
1790,-0.23017223
1791,-0.19116281
1792,-0.18531118
1793,-0.19045074
1794,-0.14852093
1795,-0.119925454
1796,-0.116267025
1797,-0.15642144
1798,-0.2078282
1799,-0.22869693
1800,-0.23730801
1801,-0.24051802
1802,-0.24138434
1803,-0.24172597
1804,-0.24188618
1805,-0.24195446
1806,-0.24197774
1807,-0.24198617
1808,-0.24198987
1809,-0.24199231
1810,-0.24199386
1811,-0.24199478
1812,-0.24199514
1813,-0.24199532
1814,-0.24199538
1815,-0.24199562
1816,-0.2419972
1817,-0.2420073
1818,-0.24205773
1819,-0.24223293
1820,-0.24265136
1821,-0.24310707
1822,-0.24331929
1823,-0.2432019
1824,-0.2430362
1825,-0.24292023
1826,-0.24246694
1827,-0.24214374
1828,-0.24203788
1829,-0.2420082
1830,-0.241998
1831,-0.24199598
1832,-0.24199556
1833,-0.24199544
1834,-0.2486621
1835,-0.26237682
1836,-0.24199535
1837,-0.24199535
1838,-0.24199532
1839,-0.24199532
1840,-0.24442567
1841,-0.2784477
1842,-0.30595112
1843,-0.34538293
1844,-0.38154748
1845,-0.38843367
1846,-0.39192674
1847,-0.40699854
1848,-0.43541306
1849,-0.47504368
1850,-0.48205456
1851,-0.5235234
1852,-0.57405436
1853,-0.5276636
1854,-0.59370714
1855,-0.5566822
1856,-0.5664566
1857,-0.47383663
1858,-0.46828464
1859,-0.46828526
1860,-0.46828553
1861,-0.46828565
1862,-0.4682857
1863,-0.4682857
1864,-0.46828574
1865,-0.46828574
1866,-0.46828574
1867,-0.46828574
1868,-0.46787137
1869,-0.46666178
1870,-0.4667131
1871,-0.46828574
1872,-0.46828574
1873,-0.46828574
1874,-0.46828574
1875,-0.46828574
1876,-0.46828574
1877,-0.4682857
1878,-0.4682857
1879,-0.47285578
1880,-0.43820497
1881,-0.3525719
1882,-0.28318685
1883,-0.25451443
1884,-0.24388622
1885,-0.24204187
1886,-0.24199753
1887,-0.24199514
1888,-0.2419187
1889,-0.23926036
1890,-0.21812
1891,-0.18869269
1892,-0.15919834
1893,-0.14071351
1894,-0.121808246
1895,-0.10703257
1896,-0.08389734
1897,-0.08153671
1898,-0.078446895
1899,-0.078377426
1900,-0.080332115
1901,-0.08115956
1902,-0.08134028
1903,-0.08217709
1904,-0.08101751
1905,-0.083711565
1906,-0.09016012
1907,-0.083697945
1908,-0.08689785
1909,-0.092764035
1910,-0.09855145
1911,-0.11219537
1912,-0.121520504
1913,-0.13473013
1914,-0.14039633
1915,-0.14182733
1916,-0.14087608
1917,-0.13714768
1918,-0.14086804
1919,-0.15460657
1920,-0.14774148
1921,-0.113178834
1922,-0.10048893
1923,-0.09458357
1924,-0.094835415
1925,-0.11276977
1926,-0.12462877
1927,-0.13499817
1928,-0.1651978
1929,-0.18626085
1930,-0.22177777
1931,-0.20840786
1932,-0.23137374
1933,-0.23991932
1934,-0.24138768
1935,-0.24178486
1936,-0.24190168
1937,-0.2419527
1938,-0.24272682
1939,-0.24198808
1940,-0.24199273
1941,-0.24199371
1942,-0.24199457
1943,-0.24199478
1944,-0.24199475
1945,-0.24199475
1946,-0.24580835
1947,-0.27043906
1948,-0.28363547
1949,-0.26237276
1950,-0.24768688
1951,-0.24230014
1952,-0.24199434
1953,-0.2419941
1954,-0.2419947
1955,-0.2419946
1956,-0.24199538
1957,-0.24199702
1958,-0.24199893
1959,-0.24199347
1960,-0.2419888
1961,-0.24198587
1962,-0.24198858
1963,-0.24321921
1964,-0.24199201
1965,-0.24199335
1966,-0.24199344
1967,-0.24199362
1968,-0.24199308
1969,-0.2419927
1970,-0.24514057
1971,-0.24276493
1972,-0.24198242
1973,-0.24198018
1974,-0.2419806
1975,-0.24198411
1976,-0.24199162
1977,-0.24202244
1978,-0.2424575
1979,-0.2436112
1980,-0.24845318
1981,-0.25378755
1982,-0.25574052
1983,-0.25296515
1984,-0.24956514
1985,-0.24442981
1986,-0.24105765
1987,-0.24400608
1988,-0.24670471
1989,-0.24785729
1990,-0.24463321
1991,-0.22126594
1992,-0.15408744
1993,-0.12223762
1994,-0.113124415
1995,-0.1079094
1996,-0.0993509
1997,-0.090300545
1998,-0.06994869
1999,-0.033841316
2000,-0.0141440965
2001,-0.0060773566
2002,0.0022271797
2003,0.027526837
2004,0.071679026
2005,0.08963984
2006,0.100978985
2007,0.11550902
2008,0.1384149
2009,0.19982782
2010,0.2545102
2011,0.27756187
2012,0.30339274
2013,0.33743754
2014,0.36553398
2015,0.3902305
2016,0.4047344
2017,0.41156304
2018,0.42755696
2019,0.43406698
2020,0.44017005
2021,0.43847698
2022,0.43723342
2023,0.46137777
2024,0.47800452
2025,0.4735963
2026,0.46035
2027,0.42520076
2028,0.40404508
2029,0.36895338
2030,0.3271317
2031,0.2987709
2032,0.31221062
2033,0.30817732
2034,0.3000172
2035,0.28342372
2036,0.25371364
2037,0.23923765
2038,0.22852977
2039,0.20995201
2040,0.20213108
2041,0.20213108
2042,0.20213108
2043,0.20213108
2044,0.20213108
2045,0.20213108
2046,0.20213108
2047,0.20213108
2048,0.20213103
2049,0.1994135
2050,0.19718845
2051,0.1797161
2052,0.14320743
2053,0.117744535
2054,0.10510543
2055,0.09883714
2056,0.09589429
2057,0.0938431
2058,0.094603434
2059,0.08903386
2060,0.06587885
2061,0.020902164
2062,0.016328657
2063,0.016024768
2064,0.015991103
2065,0.01599125
2066,0.015991839
2067,0.015989741
2068,0.015987273
2069,0.015984304
2070,0.015982782
2071,0.015982363
2072,0.015982363
2073,0.015982363
2074,0.015982363
2075,0.015982363
2076,0.0074329292
2077,-0.0007952228
2078,-0.0058204103
2079,-0.008024693
2080,-0.00797651
2081,-0.0076598097
2082,-0.007963318
2083,-0.008347973
2084,-0.007128734
2085,-0.0036684945
2086,0.0006275289
2087,0.0018280149
2088,0.00089728646
2089,7.800758e-05
2090,0.002009321
2091,0.006208092
2092,0.0064023566
2093,0.003597919
2094,0.002714835
2095,0.007807404
2096,0.013552709
2097,0.015982363
2098,0.015982363
2099,0.015982363
2100,0.015982363
2101,0.015982363
2102,0.015982363
2103,0.015982363
2104,0.015982363
2105,0.015982363
2106,0.015982363
2107,0.015982363
2108,0.015982363
2109,0.015982363
2110,0.015982363
2111,0.015982363
2112,0.015982363
2113,0.015982363
2114,0.015982363
2115,0.015982363
2116,0.015982363
2117,0.015982363
2118,0.015982363
2119,0.015982363
2120,0.015982363
2121,0.015982363
2122,0.015982363
2123,0.015982363
2124,0.015982363
2125,0.015982363
2126,0.015982363
2127,0.015982363
2128,0.015982363
2129,0.015853362
2130,0.0141220745
2131,0.0154303
2132,0.015982363
2133,0.015982363
2134,0.015779717
2135,0.015262156
2136,0.015904576
2137,0.015982363
2138,0.015982363
2139,0.015982363
2140,0.013556836
2141,0.011108465
2142,0.011736177
2143,0.0148890065
2144,0.015982363
2145,0.014607041
2146,0.010682338
2147,0.0054394696
2148,0.0022114292
2149,0.0025869645
2150,0.009779754
2151,0.015058551
2152,0.015852608
2153,0.0142151825
2154,0.013869137
2155,0.015963927
2156,0.015982363
2157,0.015982363
2158,0.014129579
2159,0.012068617
2160,0.012075688
2161,0.014648265
2162,0.015982363
2163,0.015982363
2164,0.014434296
2165,0.008560559
2166,0.0066040494
2167,0.009915706
2168,0.01572815
2169,0.015982363
2170,0.015982363
2171,0.015982363
2172,0.005662295
2173,0.00014101714
2174,0.0025793817
2175,0.015982363
2176,0.015982363
2177,0.015982363
2178,0.015982363
2179,0.015982363
2180,0.015982363
2181,0.015982363
2182,0.015982363
2183,0.012519838
2184,0.0132506825
2185,0.015982363
2186,0.016376603
2187,0.01793905
2188,0.017858233
2189,0.016799327
2190,0.016194737
2191,0.017546114
2192,0.045749873
2193,0.07652256
2194,0.09047079
2195,0.10352185
2196,0.12779793
2197,0.15223384
2198,0.16562192
2199,0.15415145
2200,0.14207149
2201,0.14176312
2202,0.15609209
2203,0.18557313
2204,0.20020837
2205,0.20144328
2206,0.20198758
2207,0.20311856
2208,0.20461458
2209,0.20223317
2210,0.20213097
2211,0.20213102
2212,0.20213106
2213,0.20213106
2214,0.20213108
2215,0.20213108
2216,0.20665188
2217,0.21903384
2218,0.24127656
2219,0.255252
2220,0.24496311
2221,0.23562475
2222,0.22928871
2223,0.24007039
2224,0.2599189
2225,0.26396257
2226,0.2748984
2227,0.27312234
2228,0.25939152
2229,0.24874903
2230,0.25370774
2231,0.2530513
2232,0.24485348
2233,0.22355354
2234,0.20213108
2235,0.20213108
2236,0.20688576
2237,0.21445283
2238,0.20213108
2239,0.18947536
2240,0.12622762
2241,0.105209336
2242,0.10879102
2243,0.123619884
2244,0.13654801
2245,0.14699262
2246,0.16060977
2247,0.16571136
2248,0.16231662
2249,0.1679268
2250,0.17207932
2251,0.16258319
2252,0.13484107
2253,0.10679005
2254,0.09223382
2255,0.08939415
2256,0.09941773
2257,0.12198074
2258,0.14973448
2259,0.12702616
2260,0.09930219
2261,0.056061786
2262,0.016278015
2263,0.015982363
2264,0.015982363
2265,0.01725069
2266,0.036049046
2267,0.04274938
2268,0.028544543
2269,0.017475238
2270,0.015982363
2271,0.015982363
2272,0.016936215
2273,0.02723997
2274,0.044252075
2275,0.053200312
2276,0.057801876
2277,0.053358804
2278,0.02256065
2279,0.015982363
2280,0.0085612945
2281,0.0015074462
2282,-0.00092274323
2283,0.0014492832
2284,0.008056948
2285,0.014214989
2286,0.017309846
2287,0.014092801
2288,0.004749937
2289,-0.0056957398
2290,-0.02484135
2291,-0.05038901
2292,-0.049099933
2293,-0.012322351
2294,0.0026914198
2295,0.015982363
2296,0.015982363
2297,0.015982363
2298,0.015982363
2299,0.015982363
2300,0.015982363
2301,0.015982363
2302,0.015982363
2303,0.015466941
2304,0.010960354
2305,0.0053908154
2306,0.0017966107
2307,-0.0009614453
2308,-0.004218161
2309,-0.0063282847
2310,-0.0059441626
2311,-0.0028720945
2312,0.00046808645
2313,0.0039000334
2314,0.00875911
2315,0.01247678
2316,0.015377791
2317,0.021935407
2318,0.02186043
2319,0.015922876
2320,0.015290701
2321,0.015982363
2322,0.015982363
2323,0.015982363
2324,0.014553706
2325,0.010155633
2326,0.011392197
2327,0.014801258
2328,0.015982363
2329,0.013849014
2330,0.013167717
2331,0.0122949025
2332,0.0060419925
2333,-0.0010610595
2334,-0.004985437
2335,-0.007401308
2336,-0.0128227025
2337,-0.036724113
2338,-0.04111037
2339,-0.013534855
2340,-0.005765876
2341,-0.0052993223
2342,-0.0073924623
2343,-0.008110745
2344,-0.0077995732
2345,-0.00702291
2346,-0.00439059
2347,-0.0015296564
2348,-0.00092848204
2349,-0.001827456
2350,-0.0028056093
2351,-0.003012102
2352,0.0005043708
2353,0.00764287
2354,0.012191679
2355,0.013041468
2356,0.013484833
2357,0.015637422
2358,0.014459715
2359,0.011250279
2360,0.01173535
2361,0.013633787
2362,0.014986186
2363,0.015965601
2364,0.015982363
2365,0.015982363
2366,0.015982363
2367,0.015982363
2368,0.015982363
2369,0.015982363
2370,0.015982363
2371,0.015982363
2372,0.015982363
2373,0.015982363
2374,0.015982363
2375,0.015982363
2376,0.015982363
2377,0.015982363
2378,0.015982363
2379,0.015982363
2380,0.015982363
2381,0.015982363
2382,0.015982363
2383,0.015982363
2384,0.015982363
2385,0.015982363
2386,0.015982363
2387,0.015982363
2388,0.015982363
2389,0.015982363
2390,0.015982363
2391,0.015982363
2392,0.015982363
2393,0.015982363
2394,0.015982363
2395,0.015982363
2396,0.015982363
2397,0.015982363
2398,0.015982363
2399,0.015982363
2400,0.015982363
2401,0.015982363
2402,0.015982363
2403,0.015982363
2404,0.015982363
2405,0.015982363
2406,0.015982363
2407,0.015982363
2408,0.015982363
2409,0.015982363
2410,0.015982363
2411,0.015982363
2412,0.015982363
2413,0.015982363
2414,0.015982363
2415,0.015982363
2416,0.015982363
2417,0.015982363
2418,0.015982363
2419,0.015982363
2420,0.015982363
2421,0.01472884
2422,0.014355596
2423,0.014540876
2424,0.014324023
2425,0.011716446
2426,0.0074348357
2427,0.007920994
2428,0.011890921
2429,0.012780962
2430,0.012309397
2431,0.013782941
2432,0.015982363
2433,0.015982363
2434,0.015982363
2435,0.015982363
2436,0.015982363
2437,0.015982363
2438,0.013586139
2439,0.010512834
2440,0.010055227
2441,0.012712025
2442,0.0106394775
2443,0.006800823
2444,0.005595861
2445,0.007079797
2446,0.008951185
2447,0.010052841
2448,0.01179601
2449,0.015388714
2450,0.015982363
2451,0.015982363
2452,0.015982363
2453,0.015982363
2454,0.015982363
2455,0.015982363
2456,0.014191035
2457,0.0047813123
2458,-0.0016025398
2459,-0.003247209
2460,-0.0013086796
2461,0.00518186
2462,0.015961247
2463,0.015982363
2464,0.015982363
2465,0.015982363
2466,0.015982363
2467,0.015982363
2468,0.015982363
2469,0.015982363
2470,0.015982363
2471,0.015982363
2472,0.015982363
2473,0.015982363
2474,0.015982363
2475,0.015982363
2476,0.015982363
2477,0.015982363
2478,0.015982363
2479,0.015982363
2480,0.015982363
2481,0.015982363
2482,0.015982363
2483,0.015982363
2484,0.015982363
2485,0.015982363
2486,0.015982363
2487,0.015982363
2488,0.015982363
2489,0.015982363
2490,0.015982363
2491,0.015982363
2492,0.015982363
2493,0.015982363
2494,0.015982363
2495,0.015982363
2496,0.015982363
2497,0.015982363
2498,0.015982363
2499,0.01524122
2500,0.015084067
2501,0.015982363
2502,0.015982363
2503,0.015982363
2504,0.015982363
2505,0.015982363
2506,0.015982363
2507,0.015982363
2508,0.015982363
2509,0.015982363
2510,0.008954987
2511,0.0061360877
2512,0.0140810255
2513,0.015982363
2514,0.015982363
2515,0.015982363
2516,0.015982363
2517,0.015982363
2518,0.015982363
2519,0.015982363
2520,0.010516106
2521,0.009217422
2522,0.0150403995
2523,0.015982363
2524,0.015982363
2525,0.015982363
2526,0.015982363
2527,0.015982363
2528,0.010479809
2529,0.003369972
2530,0.0014059804
2531,0.0046995133
2532,0.011421249
2533,0.015982363
2534,0.015982363
2535,0.011602286
2536,0.0035512764
2537,-0.0029485524
2538,-0.0053306
2539,-0.0033140052
2540,0.00021039508
2541,0.0041976077
2542,0.004850775
2543,0.0015481226
2544,-0.0012309998
2545,-0.0038703978
2546,-0.0066153854
2547,-0.0066177435
2548,-0.004930606
2549,-0.0006437637
2550,0.0017021894
2551,0.0014522821
2552,7.271767e-05
2553,-0.0009701885
2554,-0.002510246
2555,-0.0052505806
2556,-0.006060172
2557,-0.0047505535
2558,-0.0008641705
2559,0.0014565028
2560,6.174296e-05
2561,-0.002715351
2562,-0.0049684234
2563,-0.005823994
2564,-0.005683206
2565,-0.0047474634
2566,-0.0028827954
2567,-0.0017163176
2568,-0.0017672535
2569,-0.0017823726
2570,-0.0021228231
2571,-0.0043318644
2572,-0.006139029
2573,-0.0072056446
2574,-0.0074402876
2575,-0.0072846822
2576,-0.0075612236
2577,-0.007320691
2578,-0.00631373
2579,-0.0059318338
2580,-0.006292958
2581,-0.0072319657
2582,-0.008971915
2583,-0.0121570565
2584,-0.013630513
2585,-0.011812989
2586,-0.007655658
2587,-0.008226734
2588,-0.010056589
2589,-0.030442808
2590,-0.050641414
2591,-0.077775896
2592,-0.08238332
2593,-0.07741338
2594,-0.044715602
2595,-0.019291677
2596,-0.010155592
2597,-0.016128134
2598,-0.01997203
2599,-0.010792438
2600,-0.007034365
2601,-0.008886527
2602,-0.02000345
2603,-0.072865576
2604,-0.10174884
2605,-0.1046592
2606,-0.10450192
2607,-0.10293315
2608,-0.12356885
2609,-0.21651328
2610,-0.2574181
2611,-0.26179728
2612,-0.21600118
2613,-0.19426505
2614,-0.1696461
2615,-0.16488698
2616,-0.16434625
2617,-0.22519226
2618,-0.28964445
2619,-0.2967955
2620,-0.30754212
2621,-0.31532392
2622,-0.33273163
2623,-0.34518018
2624,-0.32962278
2625,-0.2967802
2626,-0.28925005
2627,-0.26863638
2628,-0.25587675
2629,-0.24414317
2630,-0.24329685
2631,-0.24363421
2632,-0.24404387
2633,-0.24383105
2634,-0.24325614
2635,-0.24248801
2636,-0.2423297
2637,-0.24262802
2638,-0.24305458
2639,-0.24359785
2640,-0.24428602
2641,-0.24582614
2642,-0.25004944
2643,-0.23149301
2644,-0.25767577
2645,-0.25789174
2646,-0.2503577
2647,-0.24375178
2648,-0.24223493
2649,-0.24205591
2650,-0.24201976
2651,-0.2473249
2652,-0.27495342
2653,-0.33478865
2654,-0.3792301
2655,-0.38517195
2656,-0.3868203
2657,-0.38718766
2658,-0.38727108
2659,-0.3872333
2660,-0.3868404
2661,-0.3595389
2662,-0.3779531
2663,-0.37141672
2664,-0.3594412
2665,-0.34087768
2666,-0.29990837
2667,-0.27682537
2668,-0.27749002
2669,-0.29324362
2670,-0.3137924
2671,-0.33838546
2672,-0.3248137
2673,-0.3206506
2674,-0.3127884
2675,-0.31276375
2676,-0.29621872
2677,-0.28364742
2678,-0.2658284
2679,-0.26903903
2680,-0.25465697
2681,-0.2500136
2682,-0.24474345
2683,-0.24256144
2684,-0.24209006
2685,-0.24200727
2686,-0.24199699
2687,-0.24199502
2688,-0.24186979
2689,-0.20182814
2690,-0.1310699
2691,-0.0991627
2692,-0.08115807
2693,-0.045589145
2694,-0.041045476
2695,-0.04337677
2696,-0.041115683
2697,-0.03675862
2698,-0.042520802
2699,-0.085049465
2700,-0.108321294
2701,-0.110522926
2702,-0.044825573
2703,-0.006106874
2704,0.002404455
2705,0.0047631655
2706,0.0032704845
2707,0.009544537
2708,0.016929071
2709,0.006547574
2710,-0.0020962209
2711,-0.0023163408
2712,0.0029325597
2713,0.014103774
2714,0.05035533
2715,0.09734188
2716,0.11518331
2717,0.123790696
2718,0.11712855
2719,0.09091495
2720,0.07170735
2721,0.08964963
2722,0.13320585
2723,0.21442337
2724,0.24209704
2725,0.22990243
2726,0.22506428
2727,0.21776004
2728,0.2056594
2729,0.20343393
2730,0.19022289
2731,0.17260674
2732,0.16662331
2733,0.1943693
2734,0.20625077
2735,0.20925418
2736,0.19095778
2737,0.18499386
2738,0.20002173
2739,0.20396018
2740,0.2046283
2741,0.20210077
2742,0.20191906
2743,0.21265343
2744,0.22227678
2745,0.21117072
2746,0.20210521
2747,0.20212297
2748,0.18914877
2749,0.15689367
2750,0.16934766
2751,0.19501191
2752,0.20213102
2753,0.20213103
2754,0.19919366
2755,0.20213091
2756,0.2021309
2757,0.20213097
2758,0.202131
2759,0.20213084
2760,0.1989458
2761,0.2021275
2762,0.20213006
2763,0.20213078
2764,0.20213097
2765,0.20213103
2766,0.22874719
2767,0.24772932
2768,0.23939016
2769,0.2348511
2770,0.24391676
2771,0.27228144
2772,0.3025397
2773,0.3123637
2774,0.2827947
2775,0.26186925
2776,0.25046298
2777,0.25339237
2778,0.2877495
2779,0.30980673
2780,0.302156
2781,0.2830808
2782,0.27047497
2783,0.270305
2784,0.2682579
2785,0.27359504
2786,0.28034195
2787,0.26398388
2788,0.25315455
2789,0.24918106
2790,0.25973246
2791,0.3174422
2792,0.3181414
2793,0.3251423
2794,0.3261093
2795,0.32342204
2796,0.2936639
2797,0.25740662
2798,0.24538144
2799,0.24399044
2800,0.23177926
2801,0.21672393
2802,0.24528298
2803,0.29081532
2804,0.32342204
2805,0.32342204
2806,0.29974166
2807,0.27228674
2808,0.25946295
2809,0.24579825
2810,0.22592351
2811,0.20593184
2812,0.16379973
2813,0.116092294
2814,0.10514332
2815,0.11300051
2816,0.18481354
2817,0.21985327
2818,0.24393116
2819,0.24037915
2820,0.21589969
2821,0.18744658
2822,0.12510411
2823,0.09997183
2824,0.095797375
2825,0.09455669
2826,0.089411765
2827,0.067886874
2828,0.03618867
2829,0.021596083
2830,0.04223438
2831,0.07296516
2832,0.0906924
2833,0.10189259
2834,0.09658606
2835,0.0704215
2836,0.012251668
2837,-0.0015742928
2838,-0.002845712
2839,-0.0004044287
2840,0.0049074776
2841,0.016195333
2842,0.023218364
2843,0.010697021
2844,0.002157649
2845,-0.0042550694
2846,-0.008402571
2847,-0.010705333
2848,-0.010425236
2849,-0.009414401
2850,-0.009778172
2851,-0.009859424
2852,-0.009933915
2853,-0.008682895
2854,-0.0070775654
2855,-0.004008565
2856,0.000733858
2857,0.009582965
2858,0.046440743
2859,0.071915895
2860,0.074561134
2861,0.070644066
2862,0.052489053
2863,0.019481177
2864,0.008640166
2865,0.004587286
2866,0.0087538315
2867,0.013796147
2868,0.017701576
2869,0.025077842
2870,0.03752212
2871,0.024790265
2872,-0.0009195432
2873,-0.010461543
2874,-0.019985694
2875,-0.030970328
2876,-0.032799352
2877,-0.031160254
2878,-0.020952713
2879,-0.01788051
2880,-0.01843189
2881,-0.022444494
2882,-0.029252332
2883,-0.032805566
2884,-0.032806523
2885,-0.03280579
2886,-0.02533364
2887,-0.023862105
2888,-0.024207227
2889,-0.019306753
2890,-0.011583475
2891,-0.010548145
2892,-0.012931477
2893,-0.01471502
2894,-0.015114594
2895,-0.014633734
2896,-0.01099493
2897,-0.0082366
2898,-0.006963266
2899,-0.006114846
2900,-0.006200347
2901,-0.0068400707
2902,-0.006915834
2903,-0.0062649846
2904,-0.0050674602
2905,-0.0028941482
2906,8.390285e-05
2907,0.005035389
2908,0.011972242
2909,0.013961702
2910,0.0067402665
2911,-0.0008697938
2912,-0.0066172797
2913,-0.010817092
2914,-0.018726405
2915,-0.027021442
2916,-0.033169534
2917,-0.037049733
2918,-0.039441507
2919,-0.039585836
2920,-0.037926603
2921,-0.03596716
2922,-0.03498414
2923,-0.031492297
2924,-0.02323844
2925,-0.014939722
2926,-0.008131729
2927,-0.005573202
2928,-0.0028548222
2929,-0.0012129489
2930,0.0023150109
2931,0.0062966207
2932,0.007920492
2933,0.008168875
2934,0.007041855
2935,0.008580647
2936,0.011577763
2937,0.013321984
2938,0.013689049
2939,0.01246158
2940,0.010485213
2941,0.010129169
2942,0.012381792
2943,0.015982363
2944,0.015982363
2945,0.015982363
2946,0.015982363
2947,0.015982363
2948,0.015982363
2949,0.015318982
2950,0.015049521
2951,0.014131805
2952,0.011244951
2953,0.004024596
2954,-0.00054127723
2955,-0.003193397
2956,-0.0057028607
2957,-0.006846465
2958,-0.007001929
2959,-0.007431127
2960,-0.007550385
2961,-0.0073338225
2962,-0.004956208
2963,-0.0017930195
2964,0.0005717389
2965,0.004179986
2966,0.034801457
2967,0.07548161
2968,0.08356397
2969,0.08620489
2970,0.09432687
2971,0.1028226
2972,0.10489188
2973,0.09955421
2974,0.09508218
2975,0.09949672
2976,0.102917254
2977,0.10375875
2978,0.10197817
2979,0.098973066
2980,0.093578205
2981,0.077726945
2982,0.0380997
2983,0.0069501568
2984,0.0050653387
2985,0.01587509
2986,0.051872786
2987,0.071002215
2988,0.07481347
2989,0.07117191
2990,0.056788784
2991,0.05293313
2992,0.064355254
2993,0.0702132
2994,0.05768506
2995,0.017619122
2996,0.009310158
2997,0.0074907662
2998,0.007427573
2999,0.0086330995
3000,0.01309576
3001,0.019017769
3002,0.043848854
3003,0.059639763
3004,0.057676014
3005,0.041752562
3006,0.024434842
3007,0.03149824
3008,0.024219189
3009,0.011738683
3010,0.006154082
3011,0.0048380205
3012,0.0058252634
3013,0.0018956829
3014,-0.0008634366
3015,-0.0004808791
3016,0.0014194641
3017,0.008714976
3018,0.013492433
3019,0.003855221
3020,-0.002036117
3021,-0.0029931478
3022,-0.0009192899
3023,0.0019372962
3024,0.0071676224
3025,0.012543522
3026,0.016626794
3027,0.01785252
3028,0.017558469
3029,0.016717046
3030,0.015505186
3031,0.016112303
3032,0.016684927
3033,0.016858513
3034,0.016700739
3035,0.03704996
3036,0.06800484
3037,0.051099
3038,0.0110254055
3039,0.0014022626
3040,0.006830953
3041,0.016435374
3042,0.01511199
3043,0.0065847104
3044,-0.00017180294
3045,-0.003942203
3046,-0.0057298355
3047,-0.0033415519
3048,0.001320485
3049,0.020515561
3050,0.056323394
3051,0.05825948
3052,0.048299305
3053,0.04419539
3054,0.06769276
3055,0.120535254
3056,0.184593
3057,0.24859689
3058,0.2706753
3059,0.27300933
3060,0.26194972
3061,0.2549399
3062,0.25850034
3063,0.24786435
3064,0.24435346
3065,0.2641328
3066,0.29744673
3067,0.31564608
3068,0.33731237
3069,0.35197496
3070,0.3793879
3071,0.39435655
3072,0.38714176
3073,0.37529153
3074,0.34064618
3075,0.31504026
3076,0.29990682
3077,0.28884405
3078,0.28043032
3079,0.2786162
3080,0.26384297
3081,0.2315374
3082,0.18710527
3083,0.13023588
3084,0.103136405
3085,0.08659752
3086,0.076873764
3087,0.07590385
3088,0.06950952
3089,0.027895942
3090,0.001814723
3091,0.0022825543
3092,0.0086211
3093,0.013891373
3094,0.0070641004
3095,-0.0044803508
3096,-0.03723999
3097,-0.06330703
3098,-0.071038306
3099,-0.068763584
3100,-0.04855806
3101,-0.021652069
3102,-0.017749827
3103,-0.023453254
3104,-0.032808013
3105,-0.038146883
3106,-0.05348434
3107,-0.07338831
3108,-0.07721484
3109,-0.075845584
3110,-0.077280656
3111,-0.07764287
3112,-0.07786986
3113,-0.07289207
3114,-0.056844223
3115,-0.095935985
3116,-0.11307083
3117,-0.13046242
3118,-0.1585926
3119,-0.18248913
3120,-0.19275428
3121,-0.19643179
3122,-0.20280069
3123,-0.21716967
3124,-0.23418312
3125,-0.24458073
3126,-0.24945162
3127,-0.25310293
3128,-0.25246137
3129,-0.24397628
3130,-0.24199139
3131,-0.24199383
3132,-0.25473848
3133,-0.2571608
3134,-0.24655716
3135,-0.24199541
3136,-0.24199535
3137,-0.24256174
3138,-0.24233426
3139,-0.2419924
3140,-0.24199335
3141,-0.2419932
3142,-0.24199189
3143,-0.24198748
3144,-0.24197613
3145,-0.2419595
3146,-0.24193172
3147,-0.24728338
3148,-0.27984974
3149,-0.24862354
3150,-0.2760569
3151,-0.27517676
3152,-0.24735408
3153,-0.24159698
3154,-0.24460508
3155,-0.24310787
3156,-0.24485864
3157,-0.2450106
3158,-0.25463724
3159,-0.2642308
3160,-0.26655892
3161,-0.26030543
3162,-0.25080281
3163,-0.25185683
3164,-0.25715807
3165,-0.25422093
3166,-0.24867673
3167,-0.25032255
3168,-0.25342566
3169,-0.250481
3170,-0.24547763
3171,-0.24184497
3172,-0.20292166
3173,-0.21137713
3174,-0.24710952
3175,-0.2451693
3176,-0.23945643
3177,-0.24147771
3178,-0.25492853
3179,-0.27412197
3180,-0.29108748
3181,-0.3167144
3182,-0.32333893
3183,-0.2924778
3184,-0.27435526
3185,-0.2526495
3186,-0.24521817
3187,-0.24735765
3188,-0.25588405
3189,-0.26209065
3190,-0.25867683
3191,-0.2760017
3192,-0.29048595
3193,-0.29461142
3194,-0.25829372
3195,-0.24721007
3196,-0.24308048
3197,-0.24255277
3198,-0.24211551
3199,-0.2420332
3200,-0.24202435
3201,-0.24202286
3202,-0.24327658
3203,-0.24495412
3204,-0.24271457
3205,-0.23393928
3206,-0.22136661
3207,-0.22329871
3208,-0.1981815
3209,-0.15451048
3210,-0.14257056
3211,-0.12467137
3212,-0.13192804
3213,-0.13595615
3214,-0.12643869
3215,-0.11578612
3216,-0.101758376
3217,-0.08098984
3218,-0.07397425
3219,-0.047162544
3220,-0.046325106
3221,-0.05642576
3222,-0.05891547
3223,-0.058002356
3224,-0.05172911
3225,-0.042516124
3226,-0.03354822
3227,-0.016785216
3228,-0.008168653
3229,-0.0051095486
3230,-0.0015052389
3231,0.0020949617
3232,0.0087080905
3233,0.019293813
3234,0.06054403
3235,0.09155679
3236,0.11320087
3237,0.14932977
3238,0.19093382
3239,0.19873478
3240,0.20532699
3241,0.21578252
3242,0.2210713
3243,0.22033584
3244,0.21272388
3245,0.20637473
3246,0.2087415
3247,0.2222617
3248,0.25388786
3249,0.3099712
3250,0.34773943
3251,0.36062515
3252,0.36412477
3253,0.3659428
3254,0.3678332
3255,0.37130365
3256,0.37358263
3257,0.3705956
3258,0.3696362
3259,0.36946896
3260,0.36945516
3261,0.3695281
3262,0.36938593
3263,0.37579876
3264,0.37847996
3265,0.37419733
3266,0.38110206
3267,0.39202884
3268,0.39560318
3269,0.39658797
3270,0.40122703
3271,0.40939885
3272,0.40980718
3273,0.40946382
3274,0.41689083
3275,0.43808356
3276,0.4550504
3277,0.46828362
3278,0.49148038
3279,0.49919415
3280,0.51488113
3281,0.5194552
3282,0.5219005
3283,0.5115135
3284,0.49300766
3285,0.47768766
3286,0.45506093
3287,0.42570493
3288,0.40727684
3289,0.4187706
3290,0.43217632
3291,0.443853
3292,0.44339707
3293,0.4453031
3294,0.4453031
3295,0.45293072
3296,0.4567159
3297,0.47698945
3298,0.4866646
3299,0.46970275
3300,0.45747346
3301,0.45429933
3302,0.49045566
3303,0.53493756
3304,0.53282857
3305,0.5207417
3306,0.5049595
3307,0.4827209
3308,0.4738713
3309,0.47824392
3310,0.48683468
3311,0.49851707
3312,0.5157518
3313,0.52818495
3314,0.5348945
3315,0.5364898
3316,0.53683174
3317,0.5378463
3318,0.53897524
3319,0.54100937
3320,0.5427985
3321,0.5439608
3322,0.5443635
3323,0.5444769
3324,0.5445807
3325,0.5446808
3326,0.54471594
3327,0.54471266
3328,0.54463714
3329,0.54366153
3330,0.52862966
3331,0.4654682
3332,0.42435396
3333,0.41126865
3334,0.40911388
3335,0.40851468
3336,0.38062948
3337,0.3268738
3338,0.2934365
3339,0.26973584
3340,0.24380663
3341,0.20270209
3342,0.13217792
3343,0.096057475
3344,0.08611241
3345,0.07842144
3346,0.060218118
3347,0.031054243
3348,0.007728489
3349,-0.00027120113
3350,-0.0054843035
3351,-0.018176053
3352,-0.058598977
3353,-0.073752
3354,-0.077454254
3355,-0.07804862
3356,-0.07810393
3357,-0.078077525
3358,-0.07806738
3359,-0.0781322
3360,-0.07814424
3361,-0.078146085
3362,-0.07814641
3363,-0.07814649
3364,-0.0781465
3365,-0.07814652
3366,-0.07814652
3367,-0.07814649
3368,-0.078146145
3369,-0.08434993
3370,-0.09699251
3371,-0.099784
3372,-0.099173665
3373,-0.100768045
3374,-0.11073811
3375,-0.11879788
3376,-0.12744656
3377,-0.13040373
3378,-0.14388554
3379,-0.17535917
3380,-0.19878547
3381,-0.21423782
3382,-0.22156058
3383,-0.24528144
3384,-0.27629784
3385,-0.300825
3386,-0.3122209
3387,-0.31956935
3388,-0.33671388
3389,-0.35337853
3390,-0.3644967
3391,-0.351568
3392,-0.32572964
3393,-0.29880828
3394,-0.28851494
3395,-0.28273925
3396,-0.27611527
3397,-0.27007103
3398,-0.266112
3399,-0.2718685
3400,-0.28913152
3401,-0.31215814
3402,-0.3222438
3403,-0.32253984
3404,-0.31656328
3405,-0.31191942
3406,-0.31409565
3407,-0.32184386
3408,-0.33868852
3409,-0.36217222
3410,-0.3703893
3411,-0.3752804
3412,-0.39661446
3413,-0.42735156
3414,-0.44963434
3415,-0.4549718
3416,-0.4459873
3417,-0.44363678
3418,-0.45379046
3419,-0.46626645
3420,-0.487278
3421,-0.4911506
3422,-0.47994873
3423,-0.48079428
3424,-0.484287
3425,-0.48115638
3426,-0.47799996
3427,-0.43629774
3428,-0.40998855
3429,-0.39511502
3430,-0.38592294
3431,-0.38381764
3432,-0.38750002
3433,-0.38216856
3434,-0.37769702
3435,-0.36450988
3436,-0.3418367
3437,-0.31349748
3438,-0.2891442
3439,-0.27302882
3440,-0.2547673
3441,-0.1794319
3442,-0.11239666
3443,-0.08526386
3444,-0.07814649
3445,-0.073802665
3446,-0.009692477
3447,0.0043459907
3448,0.016826224
3449,0.017177
3450,0.017763618
3451,0.018222362
3452,0.015982363
3453,0.015982363
3454,0.015982363
3455,0.014265284
3456,0.013292618
3457,0.015982363
3458,0.015982363
3459,0.040659573
3460,0.087127894
3461,0.103648394
3462,0.11475158
3463,0.14229089
3464,0.19690108
3465,0.21623541
3466,0.21552186
3467,0.21241944
3468,0.20498292
3469,0.20212577
3470,0.19743107
3471,0.18335302
3472,0.16240211
3473,0.12646821
3474,0.102360725
3475,0.08916947
3476,0.09285042
3477,0.103385895
3478,0.12032306
3479,0.14931168
3480,0.18819657
3481,0.20108727
3482,0.2021219
3483,0.20212983
3484,0.2021309
3485,0.20213103
3486,0.21684979
3487,0.23901999
3488,0.23409884
3489,0.20790718
3490,0.19185546
3491,0.1577018
3492,0.17017038
3493,0.18717657
3494,0.17360647
3495,0.12682357
3496,0.10083386
3497,0.08293004
3498,0.06749823
3499,0.042232603
3500,0.015982363
3501,0.012607851
3502,0.0027738065
3503,-0.0013685431
3504,-0.005255241
3505,-0.008226734
3506,-0.010127608
3507,-0.02218986
3508,-0.05920848
3509,-0.10519408
3510,-0.15846132
3511,-0.21136624
3512,-0.23438169
3513,-0.24062006
3514,-0.24170937
3515,-0.24193032
3516,-0.2419798
3517,-0.24199258
3518,-0.24976926
3519,-0.24284281
3520,-0.2423905
3521,-0.2422965
3522,-0.24222319
3523,-0.24217679
3524,-0.24218996
3525,-0.24219625
3526,-0.24220257
3527,-0.24224369
3528,-0.24199684
3529,-0.24199598
3530,-0.24199603
3531,-0.26217183
3532,-0.2795134
3533,-0.29237553
3534,-0.32513312
3535,-0.34915277
3536,-0.35707703
3537,-0.36075386
3538,-0.3628678
3539,-0.37646678
3540,-0.4187481
3541,-0.41874856
3542,-0.41874865
3543,-0.4187487
3544,-0.41874877
3545,-0.41874877
3546,-0.41874877
3547,-0.42223954
3548,-0.41874865
3549,-0.4338177
3550,-0.44779858
3551,-0.45992312
3552,-0.4641954
3553,-0.46770003
3554,-0.4681903
3555,-0.46806738
3556,-0.4458907
3557,-0.41120055
3558,-0.41124478
3559,-0.41124445
3560,-0.41122985
3561,-0.4109716
3562,-0.40178236
3563,-0.39373788
3564,-0.39511815
3565,-0.38213882
3566,-0.4028458
3567,-0.41788843
3568,-0.28698757
3569,-0.26074284
3570,-0.24477766
3571,-0.24237661
3572,-0.24204703
3573,-0.24201144
3574,-0.24199982
3575,-0.24199633
3576,-0.24199556
3577,-0.24199538
3578,-0.24199535
3579,-0.24176563
3580,-0.088308096
3581,-0.077548936
3582,-0.032808013
3583,-0.026841983
3584,-0.021828957
3585,-0.021257672
3586,-0.017948586
3587,-0.013205811
3588,-0.0123589225
3589,-0.01352993
3590,-0.012803815
3591,-0.008756999
3592,-0.005830735
3593,-0.00052396953
3594,0.01652343
3595,0.07187207
3596,0.10299553
3597,0.12713295
3598,0.14820515
3599,0.18698463
3600,0.1940896
3601,0.19980784
3602,0.20181087
3603,0.20208769
3604,0.2021252
3605,0.20213027
3606,0.20213081
3607,0.202131
3608,0.20213103
3609,0.20213108
3610,0.20213108
3611,0.20213108
3612,0.20213108
3613,0.20213108
3614,0.20213108
3615,0.20213108
3616,0.20747891
3617,0.21378243
3618,0.20213108
3619,0.20213108
3620,0.20213108
3621,0.20213108
3622,0.1922995
3623,0.19006263
3624,0.18935017
3625,0.19024526
3626,0.21483411
3627,0.25510013
3628,0.26926622
3629,0.24984933
3630,0.2086773
3631,0.1384668
3632,0.12260307
3633,0.122800425
3634,0.1282826
3635,0.13812843
3636,0.15970005
3637,0.17791063
3638,0.19228862
3639,0.20213108
3640,0.20362979
3641,0.21054856
3642,0.20213106
3643,0.20213072
3644,0.20212235
3645,0.20197491
3646,0.20060216
3647,0.19551907
3648,0.18931077
3649,0.18625546
3650,0.18625134
3651,0.18571627
3652,0.18561293
3653,0.1870843
3654,0.19118415
3655,0.16905034
3656,0.14159486
3657,0.11859952
3658,0.10376519
3659,0.09808251
3660,0.10780351
3661,0.13115063
3662,0.17045279
3663,0.20022203
3664,0.20480464
3665,0.20337309
3666,0.20091334
3667,0.20003541
3668,0.19163083
3669,0.18729931
3670,0.18678628
3671,0.17739351
3672,0.17057578
3673,0.17692153
3674,0.19359733
3675,0.19937977
3676,0.20287624
3677,0.20295393
3678,0.19906847
3679,0.19196455
3680,0.16533959
3681,0.14718743
3682,0.14667588
3683,0.15061468
3684,0.14637604
3685,0.13864051
3686,0.12801355
3687,0.11679064
3688,0.1063751
3689,0.094040036
3690,0.0823843
3691,0.075504944
3692,0.07767975
3693,0.07737784
3694,0.078955784
3695,0.08198097
3696,0.080283016
3697,0.08215013
3698,0.08706246
3699,0.08847202
3700,0.08481483
3701,0.07205075
3702,0.053609002
3703,0.038821604
3704,0.018446397
3705,0.016684053
3706,0.016659359
3707,0.01792482
3708,0.029059522
3709,0.037245847
3710,0.042517167
3711,0.040699534
3712,0.025905436
3713,0.017263204
3714,0.01676797
3715,0.016307801
3716,0.015982363
3717,0.015982363
3718,0.015982363
3719,0.016240075
3720,0.01716245
3721,0.020390494
3722,0.028050585
3723,0.018057097
3724,0.016099362
3725,0.015982363
3726,0.015982363
3727,0.015982363
3728,0.015982363
3729,0.01642119
3730,0.017326226
3731,0.017102897
3732,0.015982363
3733,0.015047763
3734,0.0064943973
3735,0.0047143586
3736,0.008546529
3737,0.011743944
3738,0.011396137
3739,0.012284354
3740,0.015505366
3741,0.014377605
3742,0.005674267
3743,-0.002350036
3744,-0.004184816
3745,-0.0015887395
3746,0.0021005403
3747,0.0063288845
3748,0.007550817
3749,0.006211035
3750,0.003116846
3751,0.0007936694
3752,-0.0007456355
3753,-0.0027060043
3754,-0.005386241
3755,-0.0061680656
3756,-0.004310049
3757,0.00038938224
3758,0.0074277055
3759,0.009949276
3760,0.008366967
3761,0.008082462
3762,0.011381339
3763,0.014006743
3764,0.014271194
3765,0.0105759995
3766,0.0074589653
3767,0.0041432176
3768,0.003572192
3769,0.0074102106
3770,0.009686699
3771,0.0074121663
3772,0.006060363
3773,0.0088625215
3774,0.015672578
3775,0.01702854
3776,0.012120042
3777,0.0056364033
3778,0.003744591
3779,0.00592809
3780,0.006997954
3781,0.0046557337
3782,0.0045443717
3783,0.010279556
3784,0.017731892
3785,0.031214412
3786,0.031240504
3787,0.019127155
3788,0.014177654
3789,0.013267442
3790,0.01088247
3791,0.00547779
3792,0.0045546424
3793,0.007764316
3794,0.015028564
3795,0.034567773
3796,0.05449269
3797,0.072337225
3798,0.07430527
3799,0.06508283
3800,0.05559338
3801,0.0464346
3802,0.04065085
3803,0.030784316
3804,0.021950563
3805,0.01868935
3806,0.017687064
3807,0.017955586
3808,0.028552862
3809,0.04774154
3810,0.06397772
3811,0.065212995
3812,0.066637024
3813,0.058725856
3814,0.054419167
3815,0.05968862
3816,0.06690548
3817,0.071024336
3818,0.066414475
3819,0.06004974
3820,0.06103434
3821,0.072950885
3822,0.08994466
3823,0.10980651
3824,0.13813967
3825,0.14852923
3826,0.14604001
3827,0.1363166
3828,0.130635
3829,0.12016542
3830,0.107242346
3831,0.09526062
3832,0.08862984
3833,0.08960894
3834,0.09256537
3835,0.09732272
3836,0.09976748
3837,0.09451896
3838,0.08296351
3839,0.04008637
3840,0.015982363
3841,0.015982363
3842,0.015982363
3843,0.015982363
3844,0.015982363
3845,0.015982363
3846,0.015982363
3847,0.015982363
3848,0.015982363
3849,0.015982363
3850,0.015982363
3851,0.015982363
3852,0.015982363
3853,0.015982363
3854,0.015982363
3855,0.015982363
3856,0.015982363
3857,0.015982363
3858,0.015982363
3859,0.015982363
3860,0.0043617683
3861,-0.0047270786
3862,-0.015071813
3863,-0.029175881
3864,-0.032808013
3865,-0.025460403
3866,-0.010493111
3867,-0.00658527
3868,-0.00885576
3869,-0.024770062
3870,-0.032808013
3871,-0.032808006
3872,-0.032808006
3873,-0.032808013
3874,-0.032808013
3875,-0.032808013
3876,-0.03399925
3877,-0.03698739
3878,-0.03736827
3879,-0.035085388
3880,-0.034771886
3881,-0.040175423
3882,-0.047875825
3883,-0.0605586
3884,-0.06678487
3885,-0.067849234
3886,-0.073192984
3887,-0.08150911
3888,-0.08187868
3889,-0.074988335
3890,-0.061091375
3891,-0.06059404
3892,-0.086895704
3893,-0.11710788
3894,-0.12888105
3895,-0.10959889
3896,-0.08641037
3897,-0.0755066
3898,-0.061459426
3899,-0.05539492
3900,-0.08147751
3901,-0.12033534
3902,-0.19292645
3903,-0.22278702
3904,-0.15766314
3905,-0.08742325
3906,-0.079597816
3907,-0.07959789
3908,-0.08908689
3909,-0.1210136
3910,-0.1311294
3911,-0.10956743
3912,-0.09311482
3913,-0.08471425
3914,-0.08072302
3915,-0.07824932
3916,-0.07812397
3917,-0.07831387
3918,-0.08275771
3919,-0.10842998
3920,-0.12019163
3921,-0.114142835
3922,-0.08937292
3923,-0.079702646
3924,-0.07814649
3925,-0.07814631
3926,-0.07814512
3927,-0.07813473
3928,-0.07812314
3929,-0.08020049
3930,-0.08902094
3931,-0.10836798
3932,-0.1170045
3933,-0.10424046
3934,-0.08302626
3935,-0.07814622
3936,-0.07813129
3937,-0.07776682
3938,-0.07636772
3939,-0.074615836
3940,-0.0725389
3941,-0.07366642
3942,-0.075824276
3943,-0.07647066
3944,-0.07530001
3945,-0.065485135
3946,-0.04840609
3947,-0.056648355
3948,-0.07007721
3949,-0.07404405
3950,-0.073616475
3951,-0.06476949
3952,-0.023172248
3953,-0.006112244
3954,-0.0023130141
3955,-0.004029665
3956,-0.0075655505
3957,-0.009906337
3958,-0.010252513
3959,-0.016294118
3960,-0.03858647
3961,-0.057898615
3962,-0.05669154
3963,-0.042966228
3964,-0.014997322
3965,-0.0076816343
3966,-0.0076990314
3967,-0.015692938
3968,-0.031434674
3969,-0.03280798
3970,-0.032807965
3971,-0.032807924
3972,-0.032807924
3973,-0.032807987
3974,-0.032808006
3975,-0.032808006
3976,-0.032808013
3977,-0.032808013
3978,-0.032808013
3979,-0.024138149
3980,-0.010032587
3981,-0.012385406
3982,-0.032808013
3983,-0.032808013
3984,-0.032808013
3985,-0.032808006
3986,-0.0073273703
3987,0.0018899478
3988,0.0030376427
3989,-0.0019671246
3990,-0.0052514896
3991,-0.0072380546
3992,-0.018346746
3993,-0.032808013
3994,-0.032808013
3995,-0.032808013
3996,-0.032808013
3997,-0.032808013
3998,-0.032808013
3999,-0.032808013
4000,-0.03280798
4001,-0.03280794
4002,-0.032807823
4003,-0.032807723
4004,-0.03280778
4005,-0.032807846
4006,-0.03280793
4007,-0.04207277
4008,-0.052451473
4009,-0.06420304
4010,-0.06827186
4011,-0.07010706
4012,-0.07236308
4013,-0.072692856
4014,-0.06990749
4015,-0.0662934
4016,-0.06273095
4017,-0.053747993
4018,-0.05923671
4019,-0.07471974
4020,-0.0776778
4021,-0.07808252
4022,-0.07813585
4023,-0.078144506
4024,-0.07832116
4025,-0.0783215
4026,-0.08352886
4027,-0.1067379
4028,-0.15826951
4029,-0.27232352
4030,-0.32951853
4031,-0.3724383
4032,-0.38410944
4033,-0.38744646
4034,-0.38859293
4035,-0.39124554
4036,-0.40091693
4037,-0.355375
4038,-0.34692854
4039,-0.37205347
4040,-0.32475767
4041,-0.3490146
4042,-0.3856428
4043,-0.4113668
4044,-0.4354208
4045,-0.46828574
4046,-0.46828574
4047,-0.4605901
4048,-0.42639232
4049,-0.39201516
4050,-0.38272402
4051,-0.3629264
4052,-0.380366
4053,-0.39198697
4054,-0.4526439
4055,-0.46828574
4056,-0.46828574
4057,-0.43661225
4058,-0.45526403
4059,-0.4682857
4060,-0.46828565
4061,-0.46828565
4062,-0.46828565
4063,-0.46828553
4064,-0.46828547
4065,-0.46828526
4066,-0.46828496
4067,-0.46828455
4068,-0.46828404
4069,-0.46828344
4070,-0.46828118
4071,-0.46827078
4072,-0.4679862
4073,-0.45228603
4074,-0.43969718
4075,-0.46241716
4076,-0.46044335
4077,-0.43184647
4078,-0.39297467
4079,-0.38122973
4080,-0.32520768
4081,-0.27727482
4082,-0.26813075
4083,-0.2716531
4084,-0.2684922
4085,-0.26532587
4086,-0.26382685
4087,-0.25841117
4088,-0.2517072
4089,-0.24528639
4090,-0.23719768
4091,-0.20381975
4092,-0.15309504
4093,-0.13067484
4094,-0.13036853
4095,-0.1263226
4096,-0.116349205
4097,-0.107825205
4098,-0.094349116
4099,-0.085107654
4100,-0.08090769
4101,-0.078391716
4102,-0.07818724
4103,-0.07815942
4104,-0.07815173
4105,-0.0781486
4106,-0.07814719
4107,-0.07814178
4108,-0.077838495
4109,-0.07218215
4110,-0.05532917
4111,-0.048497897
4112,-0.044975925
4113,-0.03911571
4114,-0.03926628
4115,-0.04214639
4116,-0.04246923
4117,-0.04472285
4118,-0.04735982
4119,-0.039247166
4120,-0.032808006
4121,-0.032807995
4122,-0.03496403
4123,-0.037168663
4124,-0.03499574
4125,-0.0356911
4126,-0.039658066
4127,-0.041724898
4128,-0.04303162
4129,-0.042722918
4130,-0.040402398
4131,-0.037009735
4132,-0.03750127
4133,-0.041533727
4134,-0.046791863
4135,-0.059700515
4136,-0.06942673
4137,-0.073568195
4138,-0.07506636
4139,-0.075818196
4140,-0.07796539
4141,-0.08048341
4142,-0.08041625
4143,-0.08017661
4144,-0.07812534
4145,-0.07729325
4146,-0.07786821
4147,-0.080098405
4148,-0.07999408
4149,-0.07983792
4150,-0.081937104
4151,-0.08849807
4152,-0.109109595
4153,-0.11906204
4154,-0.11650628
4155,-0.10008678
4156,-0.091422945
4157,-0.08636485
4158,-0.07857229
4159,-0.07815051
4160,-0.07848421
4161,-0.0807267
4162,-0.07451059
4163,-0.07257369
4164,-0.07356225
4165,-0.072396606
4166,-0.07163161
4167,-0.06574556
4168,-0.06378588
4169,-0.06919664
4170,-0.07195403
4171,-0.081494376
4172,-0.08459121
4173,-0.078765884
4174,-0.07337731
4175,-0.07128559
4176,-0.07626814
4177,-0.07657713
4178,-0.07378234
4179,-0.073165625
4180,-0.074882224
4181,-0.057011623
4182,-0.04663759
4183,-0.0457702
4184,-0.04425725
4185,-0.041367646
4186,-0.037923176
4187,-0.024958435
4188,-0.020388756
4189,-0.018530644
4190,-0.018227268
4191,-0.01794358
4192,-0.014640164
4193,-0.006259706
4194,0.007855792
4195,0.051098865
4196,0.086918384
4197,0.1144418
4198,0.13740385
4199,0.16483529
4200,0.16428591
4201,0.16544679
4202,0.18473442
4203,0.19833298
4204,0.21499619
4205,0.22541498
4206,0.24067087
4207,0.2637244
4208,0.28050646
4209,0.279522
4210,0.26037294
4211,0.24226992
4212,0.23172319
4213,0.22466567
4214,0.23832661
4215,0.26718768
4216,0.32503176
4217,0.37686044
4218,0.41581437
4219,0.48102072
4220,0.5494455
4221,0.64768904
4222,0.7445562
4223,0.7674571
4224,0.7700053
4225,0.7427251
4226,0.7467082
4227,0.74197036
4228,0.7719383
4229,0.8058796
4230,0.8177166
4231,0.8026602
4232,0.77452433
4233,0.79011554
4234,0.80284065
4235,0.8321709
4236,0.85548705
4237,0.85036707
4238,0.8569708
4239,0.8635882
4240,0.8766657
4241,0.94400114
4242,1.0312572
4243,1.0616527
4244,1.0592904
4245,1.027507
4246,1.0100605
4247,0.989337
4248,0.9869291
4249,1.00208
4250,1.0081071
4251,1.0082018
4252,0.92844236
4253,0.8562466
4254,0.63652414
4255,0.58078974
4256,0.54473567
4257,0.5447358
4258,0.5447358
4259,0.54500055
4260,0.55466104
4261,0.587897
4262,0.59091824
4263,0.55193216
4264,0.54473585
4265,0.5447358
4266,0.5447357
4267,0.54473555
4268,0.54473484
4269,0.5447298
4270,0.54467654
4271,0.5440427
4272,0.5413063
4273,0.53547984
4274,0.5276677
4275,0.51192707
4276,0.48290327
4277,0.44541517
4278,0.40737447
4279,0.3776866
4280,0.36825883
4281,0.37037483
4282,0.3815327
4283,0.3867493
4284,0.35163555
4285,0.27537212
4286,0.22007395
4287,0.14632148
4288,0.11440328
4289,0.11364427
4290,0.14712963
4291,0.2040873
4292,0.21032429
4293,0.18302533
4294,0.1241741
4295,0.09551841
4296,0.043509588
4297,0.015982363
4298,0.013642861
4299,0.00893808
4300,0.005021859
4301,0.004266154
4302,0.0078063086
4303,0.006302625
4304,-0.0017160997
4305,-0.010369586
4306,-0.03177819
4307,-0.041039143
4308,-0.042211432
4309,-0.039982677
4310,-0.043384966
4311,-0.05021787
4312,-0.059909116
4313,-0.06531824
4314,-0.082837924
4315,-0.089783385
4316,-0.09098357
4317,-0.09228672
4318,-0.08736533
4319,-0.09586248
4320,-0.11365919
4321,-0.12695368
4322,-0.14503112
4323,-0.1606661
4324,-0.1589164
4325,-0.14754555
4326,-0.15283506
4327,-0.18243639
4328,-0.19118607
4329,-0.19248056
4330,-0.20186578
4331,-0.2221718
4332,-0.23438887
4333,-0.2401268
4334,-0.2416114
4335,-0.24193795
4336,-0.24198587
4337,-0.24199359
4338,-0.24199499
4339,-0.24199526
4340,-0.24199532
4341,-0.24199532
4342,-0.24199532
4343,-0.24199532
4344,-0.24199532
4345,-0.24199532
4346,-0.2659308
4347,-0.32379812
4348,-0.35932395
4349,-0.3652844
4350,-0.3646336
4351,-0.3648782
4352,-0.3630627
4353,-0.35835072
4354,-0.35422772
4355,-0.38993683
4356,-0.4149511
4357,-0.4132125
4358,-0.41234627
4359,-0.40772036
4360,-0.41874877
4361,-0.45406193
4362,-0.4662827
4363,-0.46801353
4364,-0.4682498
4365,-0.46828315
4366,-0.46829322
4367,-0.46828565
4368,-0.46450952
4369,-0.44534132
4370,-0.4451898
4371,-0.43647242
4372,-0.5264503
4373,-0.57256126
4374,-0.5900424
4375,-0.5845507
4376,-0.58282715
4377,-0.58553433
4378,-0.6694209
4379,-0.7678173
4380,-0.7550061
4381,-0.73880345
4382,-0.79898727
4383,-0.72964096
4384,-0.5751983
4385,-0.475534
4386,-0.5666953
4387,-0.6570195
4388,-0.67013913
4389,-0.71587944
4390,-0.8549759
4391,-0.8955288
4392,-0.9103169
4393,-1.0079577
4394,-0.9985551
4395,-0.7586421
4396,-0.7544889
4397,-0.7397502
4398,-0.7190655
4399,-0.7216629
4400,-0.6504299
4401,-0.61299324
4402,-0.57919616
4403,-0.56172454
4404,-0.56173915
4405,-0.56169474
4406,-0.555777
4407,-0.45679635
4408,-0.45059103
4409,-0.4132482
4410,-0.3219736
4411,-0.28536007
4412,-0.2928751
4413,-0.25627413
4414,-0.24596079
4415,-0.26603493
4416,-0.2962601
4417,-0.2886824
4418,-0.29108077
4419,-0.2425523
4420,-0.10600737
4421,-0.07812649
4422,-0.0774291
4423,-0.069841444
4424,-0.04998597
4425,-0.045937564
4426,-0.044737916
4427,-0.043083485
4428,-0.039931957
4429,-0.03975285
4430,-0.039810028
4431,-0.040204313
4432,-0.03932369
4433,-0.035663377
4434,-0.034590986
4435,-0.03324448
4436,-0.03519797
4437,-0.03489216
4438,-0.034596603
4439,-0.021219049
4440,-0.012212928
4441,-0.008824173
4442,-0.0062580444
4443,-0.0027625505
4444,0.0065880427
4445,0.015982363
4446,0.015982363
4447,0.015982363
4448,0.017887807
4449,0.054607358
4450,0.08957502
4451,0.10572019
4452,0.11025627
4453,0.10089417
4454,0.08051061
4455,0.053374115
4456,0.042371515
4457,0.054575562
4458,0.08306162
4459,0.09872657
4460,0.104960725
4461,0.106030434
4462,0.101300955
4463,0.08937684
4464,0.07824102
4465,0.08493407
4466,0.08970754
4467,0.08515772
4468,0.06674813
4469,0.03420119
4470,0.011839304
4471,0.0060210545
4472,0.0042717867
4473,0.0010583419
4474,-0.0012192652
4475,-0.0012431554
4476,0.0017719455
4477,0.0036080778
4478,0.0045260303
4479,0.0040861107
4480,0.0011943243
4481,-0.00236262
4482,-0.005151622
4483,-0.0040668994
4484,0.0004212819
4485,0.0033130888
4486,0.004771539
4487,0.008763001
4488,0.014045287
4489,0.015982363
4490,0.015982363
4491,0.015982363
4492,0.015982363
4493,0.015982363
4494,0.015982363
4495,0.015982363
4496,0.016247246
4497,0.017199522
4498,0.024056569
4499,0.036177907
4500,0.04097901
4501,0.020917775
4502,0.01653458
4503,0.016282465
4504,0.016380323
4505,0.016355958
4506,0.015982363
4507,0.015008919
4508,0.015982363
4509,0.015982363
4510,0.015999831
4511,0.016415091
4512,0.016526923
4513,0.016233321
4514,0.015982363
4515,0.015982363
4516,0.015982363
4517,0.01598382
4518,0.016015403
4519,0.017433729
4520,0.019019036
4521,0.017573755
4522,0.016067479
4523,0.015982363
4524,0.015982363
4525,0.015982363
4526,0.015982363
4527,0.015982363
4528,0.015982363
4529,0.01612095
4530,0.016702633
4531,0.016175289
4532,0.015982363
4533,0.015982363
4534,0.015982363
4535,0.01598325
4536,0.01598247
4537,0.015982363
4538,0.015982363
4539,0.01607261
4540,0.017230645
4541,0.017214812
4542,0.016428588
4543,0.016113129
4544,0.016018298
4545,0.015982363
4546,0.015982363
4547,0.014180187
4548,0.013781469
4549,0.015982363
4550,0.015982363
4551,0.015982363
4552,0.015982363
4553,0.015982363
4554,0.015982363
4555,0.015982363
4556,0.015982363
4557,0.015982363
4558,0.015982363
4559,0.015702661
4560,0.011035606
4561,0.0036807023
4562,-0.00034911
4563,0.00021469966
4564,0.0068109334
4565,0.012742698
4566,0.014520967
4567,0.015421487
4568,0.015982363
4569,0.015982363
4570,0.011724359
4571,0.003564136
4572,1.8820167e-05
4573,0.005112583
4574,0.015982363
4575,0.015982363
4576,0.015982363
4577,0.015982363
4578,0.015982363
4579,0.009530423
4580,-0.0008009989
4581,-0.007579051
4582,-0.010772459
4583,-0.007608477
4584,-0.0015922822
4585,0.0076487027
4586,0.014532195
4587,0.015982363
4588,0.015982363
4589,0.015982363
4590,0.015982363
4591,0.00806121
4592,-0.0005454086
4593,-0.0010593291
4594,0.009841668
4595,0.015982363
4596,0.015982363
4597,0.015982363
4598,0.01016259
4599,0.0058699157
4600,0.015982363
4601,0.015982363
4602,0.015982363
4603,0.015982363
4604,0.015982363
4605,0.015982363
4606,0.011946171
4607,0.0060635274
4608,0.0023821369
4609,-0.0005691983
4610,-0.000795519
4611,0.015982363
4612,0.015982363
4613,0.016805615
4614,0.017347438
4615,0.015982363
4616,0.015982363
4617,0.006153904
4618,-0.00096926093
4619,-1.8972903e-05
4620,0.0059146807
4621,0.015975336
4622,0.015982363
4623,0.015982363
4624,0.015982363
4625,0.015982363
4626,0.015957521
4627,0.01173494
4628,0.015249994
4629,0.015982363
4630,0.015982363
4631,0.015982363
4632,0.015982363
4633,0.015982363
4634,0.015982363
4635,0.015982363
4636,0.015982363
4637,0.015982363
4638,0.015982363
4639,0.015982363
4640,0.015982363
4641,0.015982363
4642,0.015982363
4643,0.015982363
4644,0.015982363
4645,0.015982363
4646,0.015982363
4647,0.015982363
4648,0.015982363
4649,0.015982363
4650,0.015982363
4651,0.015982363
4652,0.015982363
4653,0.015982363
4654,0.015982363
4655,0.015982363
4656,0.015982363
4657,0.015982363
4658,0.015982363
4659,0.015982363
4660,0.015982363
4661,0.015982363
4662,0.015982363
4663,0.015982363
4664,0.015982363
4665,0.015982363
4666,0.015982363
4667,0.015982363
4668,0.015982363
4669,0.015982363
4670,0.015982363
4671,0.015982363
4672,0.015982363
4673,0.015982363
4674,0.015982363
4675,0.015982363
4676,0.015982363
4677,0.015982363
4678,0.015982363
4679,0.015982363
4680,0.015982363
4681,0.015982363
4682,0.015982363
4683,0.015982363
4684,0.015982363
4685,0.015982363
4686,0.015982363
4687,0.015982363
4688,0.015982363
4689,0.015982363
4690,0.015982363
4691,0.06442449
4692,0.100140706
4693,0.09815128
4694,0.084558055
4695,0.07053304
4696,0.062800646
4697,0.073525526
4698,0.08295016
4699,0.09600425
4700,0.1212326
4701,0.1448073
4702,0.1373346
4703,0.119424775
4704,0.11370298
4705,0.11105135
4706,0.11052726
4707,0.12057872
4708,0.13730536
4709,0.13529159
4710,0.1147227
4711,0.09103945
4712,0.07683383
4713,0.08311096
4714,0.093908355
4715,0.092378065
4716,0.06032657
4717,0.016464248
4718,0.015982363
4719,0.015982363
4720,0.015982363
4721,0.015982363
4722,0.015982363
4723,0.015982363
4724,0.015982363
4725,0.016527059
4726,0.018246047
4727,0.020770729
4728,0.017557308
4729,0.016059363
4730,0.015982363
4731,0.015982363
4732,0.015982363
4733,0.015982363
4734,0.015999898
4735,0.016071111
4736,0.015982363
4737,0.015982363
4738,0.0036322195
4739,-0.002386883
4740,-0.00073067285
4741,0.008296398
4742,0.015982363
4743,0.015982363
4744,0.014583721
4745,0.00835567
4746,-7.077493e-05
4747,-0.0067266766
4748,-0.016259197
4749,-0.02764095
4750,-0.027302168
4751,-0.016315032
4752,-0.0053181797
4753,0.0031898618
4754,0.014668474
4755,0.015982363
4756,0.008632295
4757,-0.003921801
4758,-0.019279122
4759,-0.032808013
4760,-0.024999235
4761,-0.008016635
4762,0.00085224956
4763,0.0116291605
4764,0.015982363
4765,0.013460822
4766,0.0022250246
4767,-0.0072118286
4768,-0.020405006
4769,-0.0220627
4770,-0.01597486
4771,-0.01851989
4772,-0.024937298
4773,-0.009792207
4774,0.0042493604
4775,0.015982363
4776,0.015982363
4777,0.015982363
4778,0.015982363
4779,0.015850749
4780,-0.0018714406
4781,-0.01700538
4782,-0.024183843
4783,-0.017218623
4784,-0.013254203
4785,-0.0182003
4786,-0.033211883
4787,-0.02190553
4788,-0.007886793
4789,-0.003366001
4790,-0.003620956
4791,-0.0056008995
4792,-0.004941087
4793,-0.005939424
4794,-0.010508925
4795,-0.018393595
4796,-0.018770989
4797,-0.018717814
4798,-0.020154323
4799,-0.021019831
4800,-0.018244404
4801,-0.016522784
4802,-0.015553668
4803,-0.016994726
4804,-0.019183923
4805,-0.02635895
4806,-0.030240942
4807,-0.01568431
4808,-0.005929988
4809,-0.002609659
4810,-0.00604786
4811,-0.014788292
4812,-0.017175712
4813,-0.007888209
4814,-0.0052334666
4815,-0.005513359
4816,-0.007952571
4817,-0.008945193
4818,-0.016751882
4819,-0.036047388
4820,-0.047718298
4821,-0.054427113
4822,-0.055064943
4823,-0.044462536
4824,-0.040668312
4825,-0.040269677
4826,-0.045656037
4827,-0.040386315
4828,-0.017663289
4829,-0.0076416135
4830,-0.009172056
4831,-0.026869401
4832,-0.052415054
4833,-0.07800877
4834,-0.07843146
4835,-0.0781717
4836,-0.07813832
4837,-0.048093732
4838,-0.040874075
4839,-0.04351375
4840,-0.06899053
4841,-0.078005284
4842,-0.077835366
4843,-0.07612462
4844,-0.064007774
4845,-0.062575415
4846,-0.07647815
4847,-0.07791035
4848,-0.07811238
4849,-0.078121826
4850,-0.07810819
4851,-0.078118324
4852,-0.07813743
4853,-0.078141496
4854,-0.07811028
4855,-0.07790132
4856,-0.07768567
4857,-0.07783462
4858,-0.0780755
4859,-0.07813184
4860,-0.07813689
4861,-0.07813281
4862,-0.078098565
4863,-0.07790421
4864,-0.07704295
4865,-0.07456839
4866,-0.07334618
4867,-0.07441279
4868,-0.07502228
4869,-0.07176536
4870,-0.044346634
4871,-0.025228608
4872,-0.012129065
4873,-0.010618925
4874,-0.018605012
4875,-0.033936907
4876,-0.03842273
4877,-0.03438204
4878,-0.024943419
4879,-0.022630047
4880,-0.028158981
4881,-0.043280136
4882,-0.046508532
4883,-0.04448742
4884,-0.040201996
4885,-0.03198713
4886,-0.022965293
4887,-0.01763643
4888,-0.010460455
4889,-0.008503225
4890,-0.010421798
4891,-0.02385303
4892,-0.03839232
4893,-0.054367986
4894,-0.07247065
4895,-0.07274476
4896,-0.044772875
4897,-0.032807436
4898,-0.024506006
4899,-0.02048795
4900,-0.027508073
4901,-0.03280791
4902,-0.03280798
4903,-0.041408874
4904,-0.04339962
4905,-0.040221546
4906,-0.03280793
4907,-0.032807883
4908,-0.03170323
4909,-0.025345325
4910,-0.02454009
4911,-0.02572522
4912,-0.02570841
4913,-0.025670286
4914,-0.032807883
4915,-0.032807924
4916,-0.0328078
4917,-0.03280784
4918,-0.032807883
4919,-0.03280781
4920,-0.03280763
4921,-0.025435772
4922,-0.03139865
4923,-0.03280781
4924,-0.032807823
4925,-0.032807764
4926,-0.03280775
4927,-0.032807883
4928,-0.038979407
4929,-0.042205352
4930,-0.041040815
4931,-0.041514423
4932,-0.04130042
4933,-0.037902758
4934,-0.03280795
4935,-0.04001057
4936,-0.044862356
4937,-0.041075792
4938,-0.03280781
4939,-0.03280766
4940,-0.03119763
4941,-0.031292807
4942,-0.032807697
4943,-0.03280777
4944,-0.03280778
4945,-0.032807756
4946,-0.032807644
4947,-0.032807685
4948,-0.03280777
4949,-0.032807905
4950,-0.032807946
4951,-0.032807946
4952,-0.032807924
4953,-0.03280795
4954,-0.03280795
4955,-0.03280775
4956,-0.032807354
4957,-0.0328078
4958,-0.032807965
4959,-0.032807987
4960,-0.032807995
4961,-0.032808006
4962,-0.032808006
4963,-0.032808006
4964,-0.032807995
4965,-0.032807965
4966,-0.03280798
4967,-0.032807987
4968,-0.035025377
4969,-0.01889972
4970,-0.007676091
4971,-0.007604534
4972,-0.011246894
4973,-0.017686237
4974,-0.021465715
4975,-0.03274404
4976,-0.032807987
4977,-0.032807987
4978,-0.024273079
4979,-0.018899813
4980,-0.023261547
4981,-0.032807995
4982,-0.032808006
4983,-0.0336749
4984,-0.035587277
4985,-0.03626693
4986,-0.03906243
4987,-0.041358117
4988,-0.041599307
4989,-0.03889129
4990,-0.03339727
4991,-0.029814646
4992,-0.03326712
4993,-0.031644266
4994,-0.03342472
4995,-0.03831434
4996,-0.03880919
4997,-0.036547463
4998,-0.039023157
4999,-0.042787496
5000,-0.042602595
5001,-0.044729587
5002,-0.050867308
5003,-0.046746884
5004,-0.020090755
5005,-0.00941677
5006,-0.00713476
5007,-0.006755002
5008,-0.0064420216
5009,-0.0066869073
5010,-0.0122016
5011,-0.010936111
5012,-0.0052704215
5013,0.00058783963
5014,-0.0009568501
5015,-0.0058426745
5016,-0.007892584
5017,-0.007930363
5018,-0.006958738
5019,-0.0055944193
5020,-0.0024547596
5021,-0.0016177781
5022,-0.0036396887
5023,-0.005180577
5024,-0.0069219545
5025,-0.009709556
5026,-0.012291644
5027,-0.014654655
5028,-0.014089737
5029,-0.008704454
5030,-0.0070261657
5031,-0.0065827146
5032,-0.0061917733
5033,-0.005985886
5034,-0.0062690116
5035,-0.008360252
5036,-0.0128911175
5037,-0.01615018
5038,-0.02501281
5039,-0.043033056
5040,-0.04225682
5041,-0.03156177
5042,-0.0329003
5043,-0.045786973
5044,-0.057653677
5045,-0.06071749
5046,-0.06259726
5047,-0.06302287
5048,-0.061630856
5049,-0.055241216
5050,-0.042467866
5051,-0.056372706
5052,-0.064290985
5053,-0.07056145
5054,-0.072029755
5055,-0.07303515
5056,-0.07308829
5057,-0.074233666
5058,-0.076680854
5059,-0.07918069
5060,-0.08036226
5061,-0.08057493
5062,-0.070983514
5063,-0.046860944
5064,-0.037948977
5065,-0.03571875
5066,-0.047417942
5067,-0.04068245
5068,-0.0065590106
5069,0.00038618222
5070,-0.0075597875
5071,-0.041046973
5072,-0.07632668
5073,-0.04890505
5074,-0.02828819
5075,-0.014497038
5076,-0.006065827
5077,-0.001344692
5078,-0.001340799
5079,-0.005385317
5080,-0.018488336
5081,-0.039110538
5082,-0.040492814
5083,-0.021473084
5084,-0.020009026
5085,-0.020804878
5086,-0.009027801
5087,-0.003208708
5088,0.0010547899
5089,0.004134495
5090,0.0038989913
5091,0.0030427761
5092,0.008761834
5093,0.0142082255
5094,0.015982363
5095,0.015982363
5096,0.015982363
5097,0.016419405
5098,0.017966399
5099,0.014094642
5100,0.0107889585
5101,0.009246802
5102,0.0070302244
5103,0.002273485
5104,-0.0023494903
5105,-0.0073101614
5106,-0.01541755
5107,-0.016781237
5108,-0.0068171956
5109,-0.0014134962
5110,0.0019897707
5111,0.0002974756
5112,-0.0058573745
5113,-0.013120636
5114,-0.02261315
5115,-0.036256056
5116,-0.03929949
5117,-0.041838493
5118,-0.037700333
5119,-0.024756495
5120,-0.009825591
5121,-0.004616566
5122,0.00010563992
5123,0.0037330054
5124,0.00091314316
5125,-0.00504221
5126,-0.011279885
5127,-0.022618312
5128,-0.03796168
5129,-0.03860267
5130,-0.030170768
5131,-0.016415562
5132,-0.007872082
5133,-0.0062379763
5134,-0.0061389543
5135,-0.006419873
5136,-0.007520903
5137,-0.008480031
5138,-0.011280265
5139,-0.012713682
5140,-0.0121492855
5141,-0.009951737
5142,-0.008382557
5143,-0.008442538
5144,-0.008263769
5145,-0.0077735595
5146,-0.0074491017
5147,-0.007918213
5148,-0.012563985
5149,-0.029010542
5150,-0.04433031
5151,-0.046167742
5152,-0.04436597
5153,-0.028488886
5154,-0.010482263
5155,-0.00089558214
5156,0.010486478
5157,0.012796221
5158,0.0058823265
5159,-0.0027372446
5160,-0.014308434
5161,-0.03789979
5162,-0.043058056
5163,-0.03512133
5164,-0.013520982
5165,-0.0037024915
5166,0.003790848
5167,0.010855997
5168,0.0118219415
5169,0.007645743
5170,0.0008085277
5171,-0.004062757
5172,-0.00684274
5173,-0.007948447
5174,-0.007214606
5175,-0.0049866773
5176,-0.0021444336
5177,0.00019109249
5178,0.0016254671
5179,0.0016962737
5180,-0.00065916404
5181,-0.004178636
5182,-0.007173527
5183,-0.010628218
5184,-0.008524116
5185,-0.006194439
5186,-0.0025742613
5187,-0.0010915957
5188,-0.0034104288
5189,-0.0067221243
5190,-0.0103352405
5191,-0.017856251
5192,-0.019783642
5193,-0.020499017
5194,-0.011013696
5195,-0.0040642526
5196,-0.0009800568
5197,0.00037654676
5198,-0.00062797964
5199,-0.00097531267
5200,-0.00087209046
5201,-0.0011495408
5202,-0.0019515492
5203,-0.0035860501
5204,-0.007201612
5205,-0.008273158
5206,-0.006503675
5207,-0.0031296536
5208,-0.00026445277
5209,0.0006269254
5210,0.00038743392
5211,-0.0014296826
5212,-0.005874172
5213,-0.008127924
5214,-0.009551238
5215,-0.00881259
5216,-0.0075347163
5217,-0.005813986
5218,-0.0036537535
5219,-0.0021548178
5220,-0.0014630482
5221,-0.0016826503
5222,-0.0026232917
5223,-0.0032866783
5224,-0.0029470772
5225,-0.0023238696
5226,-0.0016771909
5227,-0.0005996935
5228,0.00065553933
5229,0.00047493726
5230,-0.00023087114
5231,0.0022599306
5232,0.007065323
5233,0.009541665
5234,0.010235287
5235,0.0125839785
5236,0.017753538
5237,0.024270656
5238,0.0072384495
5239,-0.0037477799
5240,-0.0013068095
5241,-0.0013596285
5242,-0.0061588734
5243,-0.008028965
5244,0.0025964659
5245,0.004347344
5246,0.0076621864
5247,0.0069833007
5248,0.0030373372
5249,-0.0015190244
5250,-0.006738657
5251,-0.0076352544
5252,-0.007105209
5253,-0.0037700534
5254,0.004009594
5255,0.011230631
5256,0.0125141665
5257,0.012228891
5258,0.015087738
5259,0.015759118
5260,0.010816494
5261,0.004543662
5262,0.0025329143
5263,0.002805736
5264,0.0037082247
5265,0.00092722476
5266,-0.0003780797
5267,-0.0014308132
5268,-0.0022115465
5269,-0.002839025
5270,-0.0016893968
5271,0.001229547
5272,0.006507029
5273,0.011241439
5274,0.012940292
5275,0.01498821
5276,0.015982363
5277,0.015982363
5278,0.015982363
5279,0.015982363
5280,0.015982363
5281,0.015982363
5282,0.015982363
5283,0.015982363
5284,0.015982363
5285,0.015772194
5286,0.014851266
5287,0.013565426
5288,0.014519544
5289,0.015982363
5290,0.015982363
5291,0.015982363
5292,0.013751091
5293,0.005455345
5294,-0.0023585502
5295,-0.0072121434
5296,-0.008112272
5297,-0.0079747625
5298,-0.006568564
5299,-0.002917219
5300,0.0045148414
5301,0.013040267
5302,0.015141705
5303,0.015446039
5304,0.01520503
5305,0.012104191
5306,0.005679298
5307,0.0010340959
5308,-0.0012206323
5309,-0.0037747622
5310,-0.0046136174
5311,-0.0028628968
5312,0.00020762905
5313,0.007825848
5314,0.016657546
5315,0.017949697
5316,0.019696677
5317,0.017731164
5318,0.016676094
5319,0.012097044
5320,0.0055838693
5321,0.0010007992
5322,-0.0003741458
5323,0.0010130033
5324,0.0063961167
5325,0.014133085
5326,0.015982363
5327,0.016070303
5328,0.016154561
5329,0.015982363
5330,0.015982363
5331,0.012466803
5332,0.0050442237
5333,0.00095360354
5334,-0.0012775175
5335,-0.0018959846
5336,-0.00061204843
5337,0.0045284173
5338,0.011090326
5339,0.0128559545
5340,0.013091261
5341,0.013070201
5342,0.011627583
5343,0.006534337
5344,0.0018364396
5345,-0.0024724603
5346,-0.0050144047
5347,-0.006115053
5348,-0.007591825
5349,-0.008818544
5350,-0.00827162
5351,-0.006276319
5352,-0.0034883656
5353,-0.0003668964
5354,0.0023208167
5355,0.004355236
5356,0.0022567809
5357,-0.0009577032
5358,-0.0038343407
5359,-0.0062825345
5360,-0.0078062136
5361,-0.008430148
5362,-0.0086462125
5363,-0.008046955
5364,-0.0063650627
5365,-0.004265366
5366,-0.0029362123
5367,-0.0025491752
5368,-0.0026753135
5369,-0.0035854839
5370,-0.0056829136
5371,-0.0074537136
5372,-0.0094196685
5373,-0.016202733
5374,-0.025897492
5375,-0.039147142
5376,-0.044278976
5377,-0.04697838
5378,-0.047234077
5379,-0.047471184
5380,-0.045897584
5381,-0.043159794
5382,-0.039558936
5383,-0.026281606
5384,-0.02457866
5385,-0.041945003
5386,-0.044534247
5387,-0.040400047
5388,-0.033780433
5389,-0.04432254
5390,-0.0670699
5391,-0.080343425
5392,-0.08077124
5393,-0.077841654
5394,-0.07634021
5395,-0.073948905
5396,-0.07157144
5397,-0.061714467
5398,-0.03492609
5399,-0.019978583
5400,-0.02113289
5401,-0.031269357
5402,-0.0338514
5403,-0.038914677
5404,-0.037699528
5405,-0.033362854
5406,-0.035699096
5407,-0.037569683
5408,-0.037963133
5409,-0.036383364
5410,-0.037521187
5411,-0.042204116
5412,-0.042128425
5413,-0.04178236
5414,-0.033686552
5415,-0.03588852
5416,-0.042037155
5417,-0.043458197
5418,-0.03562271
5419,-0.032808013
5420,-0.032808013
5421,-0.032808013
5422,-0.032808013
5423,-0.032808013
5424,-0.032808013
5425,-0.034240928
5426,-0.041103523
5427,-0.041375224
5428,-0.03835568
5429,-0.03500891
5430,-0.032983277
5431,-0.039239205
5432,-0.0432438
5433,-0.045639288
5434,-0.049044255
5435,-0.06449711
5436,-0.07296972
5437,-0.07496859
5438,-0.07569043
5439,-0.07624282
5440,-0.07635149
5441,-0.07664539
5442,-0.076967105
5443,-0.07777801
5444,-0.07808007
5445,-0.07813652
5446,-0.07814495
5447,-0.07814625
5448,-0.07814647
5449,-0.0781465
5450,-0.07814652
5451,-0.07814652
5452,-0.07814652
5453,-0.07814652
5454,-0.07814652
5455,-0.07814652
5456,-0.07814652
5457,-0.081678316
5458,-0.096242934
5459,-0.09051092
5460,-0.08126934
5461,-0.07814652
5462,-0.07814652
5463,-0.07814652
5464,-0.07814652
5465,-0.07814652
5466,-0.07814652
5467,-0.07814652
5468,-0.08500418
5469,-0.085850194
5470,-0.0811234
5471,-0.08033787
5472,-0.08055925
5473,-0.08937208
5474,-0.100499585
5475,-0.1086148
5476,-0.1176956
5477,-0.11099137
5478,-0.09152411
5479,-0.08312738
5480,-0.08180034
5481,-0.08204386
5482,-0.0825814
5483,-0.082545
5484,-0.075615555
5485,-0.06997454
5486,-0.07054518
5487,-0.07100926
5488,-0.07080674
5489,-0.07090068
5490,-0.073618576
5491,-0.07728535
5492,-0.07775703
5493,-0.079426184
5494,-0.08408718
5495,-0.09165478
5496,-0.09343557
5497,-0.092542544
5498,-0.08903429
5499,-0.09775329
5500,-0.112397045
5501,-0.11055021
5502,-0.1088777
5503,-0.10801214
5504,-0.096677765
5505,-0.09229833
5506,-0.097676456
5507,-0.11261098
5508,-0.13527992
5509,-0.17736652
5510,-0.14059229
5511,-0.11339313
5512,-0.10573338
5513,-0.11116718
5514,-0.1167516
5515,-0.121962145
5516,-0.13345164
5517,-0.1392284
5518,-0.1344949
5519,-0.12417179
5520,-0.1280104
5521,-0.122411355
5522,-0.119752586
5523,-0.106523454
5524,-0.10824491
5525,-0.10937184
5526,-0.11326581
5527,-0.11670677
5528,-0.12908955
5529,-0.1421057
5530,-0.139977
5531,-0.11282532
5532,-0.08800982
5533,-0.08032009
5534,-0.079974115
5535,-0.08189757
5536,-0.086474046
5537,-0.09708756
5538,-0.10745537
5539,-0.10764226
5540,-0.112050876
5541,-0.14072838
5542,-0.1329652
5543,-0.1212924
5544,-0.10409957
5545,-0.10391675
5546,-0.10313545
5547,-0.10616337
5548,-0.112014115
5549,-0.12222898
5550,-0.15682395
5551,-0.23528369
5552,-0.24539764
5553,-0.24351452
5554,-0.20408125
5555,-0.16515411
5556,-0.13009585
5557,-0.12667167
5558,-0.13455492
5559,-0.13845804
5560,-0.14726454
5561,-0.13597651
5562,-0.119996086
5563,-0.10646324
5564,-0.11789465
5565,-0.14424445
5566,-0.22753203
5567,-0.15761077
5568,-0.16007239
5569,-0.1278348
5570,-0.10862833
5571,-0.12526514
5572,-0.19048941
5573,-0.25593105
5574,-0.2678236
5575,-0.2496139
5576,-0.19341765
5577,-0.12315343
5578,-0.10756841
5579,-0.1141282
5580,-0.1271344
5581,-0.14072181
5582,-0.16620693
5583,-0.19169594
5584,-0.1752482
5585,-0.10538815
5586,-0.081209734
5587,-0.0781465
5588,-0.081045285
5589,-0.109935045
5590,-0.13784987
5591,-0.12331723
5592,-0.08990386
5593,-0.08786932
5594,-0.08913939
5595,-0.07814641
5596,-0.03779898
5597,-0.025147665
5598,-0.07495467
5599,-0.12136085
